Run,ReleaseDate,LoadDate,spots,bases,spots_with_mates,avgLength,size_MB,AssemblyName,download_path,Experiment,LibraryName,LibraryStrategy,LibrarySelection,LibrarySource,LibraryLayout,InsertSize,InsertDev,Platform,Model,SRAStudy,BioProject,Study_Pubmed_id,ProjectID,Sample,BioSample,SampleType,TaxID,ScientificName,SampleName,g1k_pop_code,source,g1k_analysis_group,Subject_ID,Sex,Disease,Tumor,Affection_Status,Analyte_Type,Histological_Type,Body_Site,CenterName,Submission,dbgap_study_accession,Consent,RunHash,ReadHash
SRR38148131,2026-04-17 07:51:37,2026-04-17 07:48:16,106784,64070400,106784,600,21,,https://sra-downloadb.be-md.ncbi.nlm.nih.gov/sos10/sra-pub-zq-1002/SRR038/38148/SRR38148131/SRR38148131.sralite.1,SRX32993535,HW_16S_1,AMPLICON,PCR,OTHER,PAIRED,0,0,ILLUMINA,Illumina HiSeq 2500,SRP692670,PRJNA1454788,,1454788,SRS28829186,SAMN57320800,simple,9823,Sus scrofa,HW_16S_1,,,,,missing,,no,,,,,HUNAN NORMAL UNIVERSITY,SRA2376200,,public,FA5A2AD8880590560C4C7B2D66B0FA09,EBD9F4736F30565F0420BBD2F8BD3547
SRR38148130,2026-04-17 07:51:37,2026-04-17 07:48:22,114076,68445600,114076,600,23,,https://sra-downloadb.be-md.ncbi.nlm.nih.gov/sos10/sra-pub-zq-1002/SRR038/38148/SRR38148130/SRR38148130.sralite.1,SRX32993536,HW_16S_2,AMPLICON,PCR,OTHER,PAIRED,0,0,ILLUMINA,Illumina HiSeq 2500,SRP692670,PRJNA1454788,,1454788,SRS28829187,SAMN57320801,simple,9823,Sus scrofa,HW_16S_2,,,,,missing,,no,,,,,HUNAN NORMAL UNIVERSITY,SRA2376200,,public,484B9EDE81A9246881B9442F9FCA9240,6915B79B3CA62F78A1E7409507077070
SRR38148129,2026-04-17 07:51:37,2026-04-17 07:48:16,110460,66276000,110460,600,21,,https://sra-downloadb.be-md.ncbi.nlm.nih.gov/sos10/sra-pub-zq-1002/SRR038/38148/SRR38148129/SRR38148129.sralite.1,SRX32993537,LW_16S_4,AMPLICON,PCR,OTHER,PAIRED,0,0,ILLUMINA,Illumina HiSeq 2500,SRP692670,PRJNA1454788,,1454788,SRS28829188,SAMN57320810,simple,9823,Sus scrofa,LW_16S_4,,,,,missing,,no,,,,,HUNAN NORMAL UNIVERSITY,SRA2376200,,public,3116A653FC3507E9C02FC9258C6BCA7A,313763B33500CF47D3FD91DE42F9C7F7
SRR38148128,2026-04-17 07:51:37,2026-04-17 07:48:16,103819,62291400,103819,600,20,,https://sra-downloadb.be-md.ncbi.nlm.nih.gov/sos10/sra-pub-zq-1002/SRR038/38148/SRR38148128/SRR38148128.sralite.1,SRX32993538,LW_16S_5,AMPLICON,PCR,OTHER,PAIRED,0,0,ILLUMINA,Illumina HiSeq 2500,SRP692670,PRJNA1454788,,1454788,SRS28829189,SAMN57320811,simple,9823,Sus scrofa,LW_16S_5,,,,,missing,,no,,,,,HUNAN NORMAL UNIVERSITY,SRA2376200,,public,24E47ACE206CB11A8A9DAFB8FAF8334D,256CCFE7A8E62FE99D037A1A2FB9CA33
SRR38148127,2026-04-17 07:51:36,2026-04-17 07:49:26,103079,61847400,103079,600,20,,https://sra-downloadb.be-md.ncbi.nlm.nih.gov/sos10/sra-pub-zq-1002/SRR038/38148/SRR38148127/SRR38148127.sralite.1,SRX32993539,LW_16S_6,AMPLICON,PCR,OTHER,PAIRED,0,0,ILLUMINA,Illumina HiSeq 2500,SRP692670,PRJNA1454788,,1454788,SRS28829190,SAMN57320812,simple,9823,Sus scrofa,LW_16S_6,,,,,missing,,no,,,,,HUNAN NORMAL UNIVERSITY,SRA2376200,,public,C2B7D553A7E47C828F79F32DFBB8DE85,D14E38D3EB23C9D648A69B8A8E32B497
SRR38148124,2026-04-17 08:09:40,2026-04-17 08:02:02,25899374,7821610948,25899374,302,2213,,https://sra-downloadb.be-md.ncbi.nlm.nih.gov/sos10/sra-pub-zq-1002/SRR038/38148/SRR38148124/SRR38148124.sralite.1,SRX32993542,HW_RNA_1,RNA-Seq,PCR,OTHER,PAIRED,0,0,ILLUMINA,Illumina HiSeq 2500,SRP692670,PRJNA1454788,,1454788,SRS28829193,SAMN57320815,simple,9823,Sus scrofa,HW_RNA_1,,,,,missing,,no,,,,,HUNAN NORMAL UNIVERSITY,SRA2376200,,public,1D66A1932D679B3D96B65660109AD51A,B5F2666DA37EA02AA3606A2C18E15D70
SRR38148123,2026-04-17 08:03:17,2026-04-17 07:59:39,24147959,7292683618,24147959,302,2069,,https://sra-downloadb.be-md.ncbi.nlm.nih.gov/sos10/sra-pub-zq-1002/SRR038/38148/SRR38148123/SRR38148123.sralite.1,SRX32993543,HW_RNA_2,RNA-Seq,PCR,OTHER,PAIRED,0,0,ILLUMINA,Illumina HiSeq 2500,SRP692670,PRJNA1454788,,1454788,SRS28829194,SAMN57320816,simple,9823,Sus scrofa,HW_RNA_2,,,,,missing,,no,,,,,HUNAN NORMAL UNIVERSITY,SRA2376200,,public,C34D740DDAC711D5E246341688EAA96B,D0DA4CAB629D12BB8DFB79577185D6D2
SRR38148122,2026-04-17 08:09:40,2026-04-17 08:02:10,28791630,8695072260,28791630,302,2451,,https://sra-downloadb.be-md.ncbi.nlm.nih.gov/sos10/sra-pub-zq-1002/SRR038/38148/SRR38148122/SRR38148122.sralite.1,SRX32993544,HW_RNA_3,RNA-Seq,PCR,OTHER,PAIRED,0,0,ILLUMINA,Illumina HiSeq 2500,SRP692670,PRJNA1454788,,1454788,SRS28829195,SAMN57320817,simple,9823,Sus scrofa,HW_RNA_3,,,,,missing,,no,,,,,HUNAN NORMAL UNIVERSITY,SRA2376200,,public,0F8D8C3D18F2C7A3B44CA0D433A5F927,10B218D56C5E27011254FD011E7D75C4
SRR38148126,2026-04-17 07:51:37,2026-04-17 07:48:17,115285,69171000,115285,600,23,,https://sra-downloadb.be-md.ncbi.nlm.nih.gov/sos10/sra-pub-zq-1002/SRR038/38148/SRR38148126/SRR38148126.sralite.1,SRX32993540,LW_16S_7,AMPLICON,PCR,OTHER,PAIRED,0,0,ILLUMINA,Illumina HiSeq 2500,SRP692670,PRJNA1454788,,1454788,SRS28829191,SAMN57320813,simple,9823,Sus scrofa,LW_16S_7,,,,,missing,,no,,,,,HUNAN NORMAL UNIVERSITY,SRA2376200,,public,53DC66FD8608E4CC6DE16228E71AFBC5,87F0793E80F99F999B7756D91BFC3F90
SRR38148125,2026-04-17 07:51:36,2026-04-17 07:48:21,103955,62373000,103955,600,20,,https://sra-downloadb.be-md.ncbi.nlm.nih.gov/sos10/sra-pub-zq-1002/SRR038/38148/SRR38148125/SRR38148125.sralite.1,SRX32993541,LW_16S_8,AMPLICON,PCR,OTHER,PAIRED,0,0,ILLUMINA,Illumina HiSeq 2500,SRP692670,PRJNA1454788,,1454788,SRS28829192,SAMN57320814,simple,9823,Sus scrofa,LW_16S_8,,,,,missing,,no,,,,,HUNAN NORMAL UNIVERSITY,SRA2376200,,public,9A9B2C1A6F96F190B3F39C8A7261BCA8,EE616B20E8E5F5CF493087215C5F2D4E
SRR38148119,2026-04-17 07:51:37,2026-04-17 07:48:04,104002,62401200,104002,600,20,,https://sra-downloadb.be-md.ncbi.nlm.nih.gov/sos10/sra-pub-zq-1002/SRR038/38148/SRR38148119/SRR38148119.sralite.1,SRX32993547,HW_16S_3,AMPLICON,PCR,OTHER,PAIRED,0,0,ILLUMINA,Illumina HiSeq 2500,SRP692670,PRJNA1454788,,1454788,SRS28829198,SAMN57320802,simple,9823,Sus scrofa,HW_16S_3,,,,,missing,,no,,,,,HUNAN NORMAL UNIVERSITY,SRA2376200,,public,F07A4BCAD61B7F181031D30F67D2C129,57DE00475B7746E8E88CA802B610A278
SRR38148117,2026-04-17 07:51:37,2026-04-17 07:47:58,54479,32796358,54479,602,10,,https://sra-downloadb.be-md.ncbi.nlm.nih.gov/sos10/sra-pub-zq-1002/SRR038/38148/SRR38148117/SRR38148117.sralite.1,SRX32993549,HW_16S_P_1,AMPLICON,PCR,OTHER,PAIRED,0,0,ILLUMINA,Illumina HiSeq 2500,SRP692670,PRJNA1454788,,1454788,SRS28829200,SAMN57320821,simple,9823,Sus scrofa,HW_16S_P_1,,,,,missing,,no,,,,,HUNAN NORMAL UNIVERSITY,SRA2376200,,public,E521BBC88F4B0AA6C68F9EE86B5362F6,CB2211B26100C0412E906BD09402810B
SRR38148121,2026-04-17 08:03:17,2026-04-17 07:59:37,23881740,7212285480,23881740,302,2031,,https://sra-downloadb.be-md.ncbi.nlm.nih.gov/sos10/sra-pub-zq-1002/SRR038/38148/SRR38148121/SRR38148121.sralite.1,SRX32993545,LW_RNA_1,RNA-Seq,PCR,OTHER,PAIRED,0,0,ILLUMINA,Illumina HiSeq 2500,SRP692670,PRJNA1454788,,1454788,SRS28829196,SAMN57320818,simple,9823,Sus scrofa,LW_RNA_1,,,,,missing,,no,,,,,HUNAN NORMAL UNIVERSITY,SRA2376200,,public,1161793A2A420D6CD4EFDEF0C3962109,CE355D8962F122677E96A9818025EB77
SRR38148120,2026-04-17 08:11:38,2026-04-17 08:05:26,29375678,8871454756,29375678,302,2485,,https://sra-downloadb.be-md.ncbi.nlm.nih.gov/sos10/sra-pub-zq-1002/SRR038/38148/SRR38148120/SRR38148120.sralite.1,SRX32993546,LW_RNA_2,RNA-Seq,PCR,OTHER,PAIRED,0,0,ILLUMINA,Illumina HiSeq 2500,SRP692670,PRJNA1454788,,1454788,SRS28829197,SAMN57320819,simple,9823,Sus scrofa,LW_RNA_2,,,,,missing,,no,,,,,HUNAN NORMAL UNIVERSITY,SRA2376200,,public,BAAF2950AA45D84686CECF351859801D,B26CBD29A89777EC8333F3E3E5C90EC6
SRR38148118,2026-04-17 08:09:40,2026-04-17 08:02:04,25836085,7802497670,25836085,302,2191,,https://sra-downloadb.be-md.ncbi.nlm.nih.gov/sos10/sra-pub-zq-1002/SRR038/38148/SRR38148118/SRR38148118.sralite.1,SRX32993548,LW_RNA_3,RNA-Seq,PCR,OTHER,PAIRED,0,0,ILLUMINA,Illumina HiSeq 2500,SRP692670,PRJNA1454788,,1454788,SRS28829199,SAMN57320820,simple,9823,Sus scrofa,LW_RNA_3,,,,,missing,,no,,,,,HUNAN NORMAL UNIVERSITY,SRA2376200,,public,C34AA4A68CF3579B363B509B8A28BBE6,E63F2C12DF32D8B2BAE7D31F5151C935
SRR38148116,2026-04-17 07:51:37,2026-04-17 07:47:20,57953,34887706,57953,602,10,,https://sra-downloadb.be-md.ncbi.nlm.nih.gov/sos10/sra-pub-zq-1002/SRR038/38148/SRR38148116/SRR38148116.sralite.1,SRX32993550,HW_16S_P_2,AMPLICON,PCR,OTHER,PAIRED,0,0,ILLUMINA,Illumina HiSeq 2500,SRP692670,PRJNA1454788,,1454788,SRS28829201,SAMN57320822,simple,9823,Sus scrofa,HW_16S_P_2,,,,,missing,,no,,,,,HUNAN NORMAL UNIVERSITY,SRA2376200,,public,1DF3FE09858676EF94526EFF25EE2916,D36B0470DB6C831EE3F5DDDF9A7B0FFA
SRR38148115,2026-04-17 07:51:37,2026-04-17 07:48:09,51658,31098116,51658,602,9,,https://sra-downloadb.be-md.ncbi.nlm.nih.gov/sos10/sra-pub-zq-1002/SRR038/38148/SRR38148115/SRR38148115.sralite.1,SRX32993551,HW_16S_P_3,AMPLICON,PCR,OTHER,PAIRED,0,0,ILLUMINA,Illumina HiSeq 2500,SRP692670,PRJNA1454788,,1454788,SRS28829202,SAMN57320823,simple,9823,Sus scrofa,HW_16S_P_3,,,,,missing,,no,,,,,HUNAN NORMAL UNIVERSITY,SRA2376200,,public,D659E2C2B4DDABD7A575BE9DA10E8345,2D06502CA0C9481C23BD826333325F53
SRR38148114,2026-04-17 07:51:36,2026-04-17 07:48:11,54626,32884852,54626,602,10,,https://sra-downloadb.be-md.ncbi.nlm.nih.gov/sos10/sra-pub-zq-1002/SRR038/38148/SRR38148114/SRR38148114.sralite.1,SRX32993552,HW_16S_P_4,AMPLICON,PCR,OTHER,PAIRED,0,0,ILLUMINA,Illumina HiSeq 2500,SRP692670,PRJNA1454788,,1454788,SRS28829203,SAMN57320824,simple,9823,Sus scrofa,HW_16S_P_4,,,,,missing,,no,,,,,HUNAN NORMAL UNIVERSITY,SRA2376200,,public,87981C604062272A8D6F1A30550D8206,9F5D4232D5B959BE2DEA1E2119DD6D94
SRR38148113,2026-04-17 07:51:37,2026-04-17 07:48:13,54986,33101572,54986,602,10,,https://sra-downloadb.be-md.ncbi.nlm.nih.gov/sos10/sra-pub-zq-1002/SRR038/38148/SRR38148113/SRR38148113.sralite.1,SRX32993553,HW_16S_P_5,AMPLICON,PCR,OTHER,PAIRED,0,0,ILLUMINA,Illumina HiSeq 2500,SRP692670,PRJNA1454788,,1454788,SRS28829204,SAMN57320825,simple,9823,Sus scrofa,HW_16S_P_5,,,,,missing,,no,,,,,HUNAN NORMAL UNIVERSITY,SRA2376200,,public,7FD3F50FD76385E61D24DA6CBE8C0EF5,E56A5240F278D85C9D5E27AAF83F79E1
SRR38148112,2026-04-17 07:51:37,2026-04-17 07:47:21,59962,36097124,59962,602,10,,https://sra-downloadb.be-md.ncbi.nlm.nih.gov/sos10/sra-pub-zq-1002/SRR038/38148/SRR38148112/SRR38148112.sralite.1,SRX32993554,HW_16S_P_6,AMPLICON,PCR,OTHER,PAIRED,0,0,ILLUMINA,Illumina HiSeq 2500,SRP692670,PRJNA1454788,,1454788,SRS28829205,SAMN57320826,simple,9823,Sus scrofa,HW_16S_P_6,,,,,missing,,no,,,,,HUNAN NORMAL UNIVERSITY,SRA2376200,,public,08FC72140CC9876BA107590855CE4AA2,D6BF0BEAF1E4D2B9F365B13F2A47777E
SRR38148108,2026-04-17 07:51:37,2026-04-17 07:47:58,103956,62373600,103956,600,20,,https://sra-downloadb.be-md.ncbi.nlm.nih.gov/sos10/sra-pub-zq-1002/SRR038/38148/SRR38148108/SRR38148108.sralite.1,SRX32993558,HW_16S_4,AMPLICON,PCR,OTHER,PAIRED,0,0,ILLUMINA,Illumina HiSeq 2500,SRP692670,PRJNA1454788,,1454788,SRS28829209,SAMN57320803,simple,9823,Sus scrofa,HW_16S_4,,,,,missing,,no,,,,,HUNAN NORMAL UNIVERSITY,SRA2376200,,public,F962515187532925A530A2B2300B0CC8,DC8146BD53DACF40C58083D6759BCE1C
SRR38148111,2026-04-17 07:51:37,2026-04-17 07:47:17,57354,34527108,57354,602,10,,https://sra-downloadb.be-md.ncbi.nlm.nih.gov/sos10/sra-pub-zq-1002/SRR038/38148/SRR38148111/SRR38148111.sralite.1,SRX32993555,HW_16S_P_7,AMPLICON,PCR,OTHER,PAIRED,0,0,ILLUMINA,Illumina HiSeq 2500,SRP692670,PRJNA1454788,,1454788,SRS28829206,SAMN57320827,simple,9823,Sus scrofa,HW_16S_P_7,,,,,missing,,no,,,,,HUNAN NORMAL UNIVERSITY,SRA2376200,,public,292A25411B5D0551612A25FBBD2CB04D,E98996DF9476FA8FD48B8A6F9459F63D
SRR38148110,2026-04-17 07:51:37,2026-04-17 07:47:56,58647,35305494,58647,602,10,,https://sra-downloadb.be-md.ncbi.nlm.nih.gov/sos10/sra-pub-zq-1002/SRR038/38148/SRR38148110/SRR38148110.sralite.1,SRX32993556,HW_16S_P_8,AMPLICON,PCR,OTHER,PAIRED,0,0,ILLUMINA,Illumina HiSeq 2500,SRP692670,PRJNA1454788,,1454788,SRS28829207,SAMN57320828,simple,9823,Sus scrofa,HW_16S_P_8,,,,,missing,,no,,,,,HUNAN NORMAL UNIVERSITY,SRA2376200,,public,60D4BB224BE0BCCEAD0DC24B9BE1ABE8,B026AFD823F9DC78231857A0CC915C9C
SRR38148109,2026-04-17 07:51:37,2026-04-17 07:47:45,63573,38270946,63573,602,11,,https://sra-downloadb.be-md.ncbi.nlm.nih.gov/sos10/sra-pub-zq-1002/SRR038/38148/SRR38148109/SRR38148109.sralite.1,SRX32993557,LW_16S_P_1,AMPLICON,PCR,OTHER,PAIRED,0,0,ILLUMINA,Illumina HiSeq 2500,SRP692670,PRJNA1454788,,1454788,SRS28829208,SAMN57320829,simple,9823,Sus scrofa,LW_16S_P_1,,,,,missing,,no,,,,,HUNAN NORMAL UNIVERSITY,SRA2376200,,public,AA032D7A15DF7EFA025117FD14ACFCFE,14FE8EEF70A2842780A0011FECEAF67E
SRR38148107,2026-04-17 07:51:37,2026-04-17 07:47:43,62412,37572024,62412,602,11,,https://sra-downloadb.be-md.ncbi.nlm.nih.gov/sos10/sra-pub-zq-1002/SRR038/38148/SRR38148107/SRR38148107.sralite.1,SRX32993559,LW_16S_P_2,AMPLICON,PCR,OTHER,PAIRED,0,0,ILLUMINA,Illumina HiSeq 2500,SRP692670,PRJNA1454788,,1454788,SRS28829210,SAMN57320830,simple,9823,Sus scrofa,LW_16S_P_2,,,,,missing,,no,,,,,HUNAN NORMAL UNIVERSITY,SRA2376200,,public,82057407B657ABFAEDB1EE31AA84F047,B53FA1D3ED4858F2EA18C19BAA453719
SRR38148106,2026-04-17 07:51:37,2026-04-17 07:48:02,69317,41728834,69317,602,12,,https://sra-downloadb.be-md.ncbi.nlm.nih.gov/sos10/sra-pub-zq-1002/SRR038/38148/SRR38148106/SRR38148106.sralite.1,SRX32993560,LW_16S_P_3,AMPLICON,PCR,OTHER,PAIRED,0,0,ILLUMINA,Illumina HiSeq 2500,SRP692670,PRJNA1454788,,1454788,SRS28829211,SAMN57320831,simple,9823,Sus scrofa,LW_16S_P_3,,,,,missing,,no,,,,,HUNAN NORMAL UNIVERSITY,SRA2376200,,public,45DCF8A2EE2E0FF191D98CF5C03B9962,0631141FA54FA2472956BE9C06C2B3EE
SRR38148105,2026-04-17 07:51:36,2026-04-17 07:47:37,55849,33621098,55849,602,10,,https://sra-downloadb.be-md.ncbi.nlm.nih.gov/sos10/sra-pub-zq-1002/SRR038/38148/SRR38148105/SRR38148105.sralite.1,SRX32993561,LW_16S_P_4,AMPLICON,PCR,OTHER,PAIRED,0,0,ILLUMINA,Illumina HiSeq 2500,SRP692670,PRJNA1454788,,1454788,SRS28829212,SAMN57320832,simple,9823,Sus scrofa,LW_16S_P_4,,,,,missing,,no,,,,,HUNAN NORMAL UNIVERSITY,SRA2376200,,public,7D3B0244AA2501442AA09933C99BD7DA,DC2560A02823D42C9492E8786A969454
SRR38148104,2026-04-17 07:51:37,2026-04-17 07:47:32,59954,36092308,59954,602,11,,https://sra-downloadb.be-md.ncbi.nlm.nih.gov/sos10/sra-pub-zq-1002/SRR038/38148/SRR38148104/SRR38148104.sralite.1,SRX32993562,LW_16S_P_5,AMPLICON,PCR,OTHER,PAIRED,0,0,ILLUMINA,Illumina HiSeq 2500,SRP692670,PRJNA1454788,,1454788,SRS28829213,SAMN57320833,simple,9823,Sus scrofa,LW_16S_P_5,,,,,missing,,no,,,,,HUNAN NORMAL UNIVERSITY,SRA2376200,,public,F4BEAA018104BB80B0F39EFEEB925580,80C31108125CA06DB1D19F3D13FDFEB9
SRR38148103,2026-04-17 07:51:36,2026-04-17 07:47:40,63915,38476830,63915,602,11,,https://sra-downloadb.be-md.ncbi.nlm.nih.gov/sos10/sra-pub-zq-1002/SRR038/38148/SRR38148103/SRR38148103.sralite.1,SRX32993563,LW_16S_P_6,AMPLICON,PCR,OTHER,PAIRED,0,0,ILLUMINA,Illumina HiSeq 2500,SRP692670,PRJNA1454788,,1454788,SRS28829214,SAMN57320834,simple,9823,Sus scrofa,LW_16S_P_6,,,,,missing,,no,,,,,HUNAN NORMAL UNIVERSITY,SRA2376200,,public,E54F6C6A84A97A5A8B609F762455F3CE,FF36EA468F09168C7BCD7EF1F3BBAB95
SRR38148102,2026-04-17 07:51:37,2026-04-17 07:47:44,61754,37175908,61754,602,11,,https://sra-downloadb.be-md.ncbi.nlm.nih.gov/sos10/sra-pub-zq-1002/SRR038/38148/SRR38148102/SRR38148102.sralite.1,SRX32993564,LW_16S_P_7,AMPLICON,PCR,OTHER,PAIRED,0,0,ILLUMINA,Illumina HiSeq 2500,SRP692670,PRJNA1454788,,1454788,SRS28829215,SAMN57320835,simple,9823,Sus scrofa,LW_16S_P_7,,,,,missing,,no,,,,,HUNAN NORMAL UNIVERSITY,SRA2376200,,public,281FBE72899EE6A68F5EABFBE1D2D3C4,B9A66C0BD9C9506B84697044412BAB37
SRR38148097,2026-04-17 07:51:37,2026-04-17 07:48:06,103410,62046000,103410,600,20,,https://sra-downloadb.be-md.ncbi.nlm.nih.gov/sos10/sra-pub-zq-1002/SRR038/38148/SRR38148097/SRR38148097.sralite.1,SRX32993569,HW_16S_5,AMPLICON,PCR,OTHER,PAIRED,0,0,ILLUMINA,Illumina HiSeq 2500,SRP692670,PRJNA1454788,,1454788,SRS28829220,SAMN57320804,simple,9823,Sus scrofa,HW_16S_5,,,,,missing,,no,,,,,HUNAN NORMAL UNIVERSITY,SRA2376200,,public,FA56E545D468EF02553C7EFFA9EE1695,2D77701BA8282A7E2F22F257A5757B61
SRR38148101,2026-04-17 07:51:37,2026-04-17 07:47:17,51499,31002398,51499,602,9,,https://sra-downloadb.be-md.ncbi.nlm.nih.gov/sos10/sra-pub-zq-1002/SRR038/38148/SRR38148101/SRR38148101.sralite.1,SRX32993565,LW_16S_P_8,AMPLICON,PCR,OTHER,PAIRED,0,0,ILLUMINA,Illumina HiSeq 2500,SRP692670,PRJNA1454788,,1454788,SRS28829216,SAMN57320836,simple,9823,Sus scrofa,LW_16S_P_8,,,,,missing,,no,,,,,HUNAN NORMAL UNIVERSITY,SRA2376200,,public,7A844DC203C7D638AB5930FA597C6F66,4D40961AFB4442022BD77FE42E2CF6EC
SRR38148100,2026-04-17 07:51:36,2026-04-17 07:47:16,65383,39360566,65383,602,11,,https://sra-downloadb.be-md.ncbi.nlm.nih.gov/sos10/sra-pub-zq-1002/SRR038/38148/SRR38148100/SRR38148100.sralite.1,SRX32993566,PGM357_16S_P_1,AMPLICON,PCR,OTHER,PAIRED,0,0,ILLUMINA,Illumina HiSeq 2500,SRP692670,PRJNA1454788,,1454788,SRS28829217,SAMN57320837,simple,9823,Sus scrofa,PGM357_16S_P_1,,,,,missing,,no,,,,,HUNAN NORMAL UNIVERSITY,SRA2376200,,public,68B84DAE5A99DB80B365C9954CA026BF,873DAC01FCC8720324A2F4805F74B1F7
SRR38148099,2026-04-17 07:51:37,2026-04-17 07:46:24,59805,36002610,59805,602,11,,https://sra-downloadb.be-md.ncbi.nlm.nih.gov/sos10/sra-pub-zq-1002/SRR038/38148/SRR38148099/SRR38148099.sralite.1,SRX32993567,PGM357_16S_P_2,AMPLICON,PCR,OTHER,PAIRED,0,0,ILLUMINA,Illumina HiSeq 2500,SRP692670,PRJNA1454788,,1454788,SRS28829218,SAMN57320838,simple,9823,Sus scrofa,PGM357_16S_P_2,,,,,missing,,no,,,,,HUNAN NORMAL UNIVERSITY,SRA2376200,,public,0660BE864EEC18BE49598E13724DCC1B,8809F9B3AF9E3F8B287E592D29884326
SRR38148098,2026-04-17 07:51:37,2026-04-17 07:46:23,62735,37766470,62735,602,11,,https://sra-downloadb.be-md.ncbi.nlm.nih.gov/sos10/sra-pub-zq-1002/SRR038/38148/SRR38148098/SRR38148098.sralite.1,SRX32993568,PGM357_16S_P_3,AMPLICON,PCR,OTHER,PAIRED,0,0,ILLUMINA,Illumina HiSeq 2500,SRP692670,PRJNA1454788,,1454788,SRS28829219,SAMN57320839,simple,9823,Sus scrofa,PGM357_16S_P_3,,,,,missing,,no,,,,,HUNAN NORMAL UNIVERSITY,SRA2376200,,public,101406BEAAA24CBA849F690C0BD6B66B,42DD38EC8FC2D6B334330DB0883DF612
SRR38148093,2026-04-17 08:06:03,2026-04-17 08:00:57,24642970,7442176940,24642970,302,1977,,https://sra-downloadb.be-md.ncbi.nlm.nih.gov/sos10/sra-pub-zq-1002/SRR038/38148/SRR38148093/SRR38148093.sralite.1,SRX32993573,HW_RNA_P_1,RNA-Seq,PCR,OTHER,PAIRED,0,0,ILLUMINA,Illumina HiSeq 2500,SRP692670,PRJNA1454788,,1454788,SRS28829224,SAMN57320843,simple,9823,Sus scrofa,HW_RNA_P_1,,,,,missing,,no,,,,,HUNAN NORMAL UNIVERSITY,SRA2376200,,public,34F2C9956FC734E5EDA2EB6B04B6C3B2,44E23443F152523D1CD5A2AAE6F4EF1B
SRR38148092,2026-04-17 08:03:17,2026-04-17 08:00:37,22373125,6756683750,22373125,302,1802,,https://sra-downloadb.be-md.ncbi.nlm.nih.gov/sos10/sra-pub-zq-1002/SRR038/38148/SRR38148092/SRR38148092.sralite.1,SRX32993574,HW_RNA_P_2,RNA-Seq,PCR,OTHER,PAIRED,0,0,ILLUMINA,Illumina HiSeq 2500,SRP692670,PRJNA1454788,,1454788,SRS28829225,SAMN57320844,simple,9823,Sus scrofa,HW_RNA_P_2,,,,,missing,,no,,,,,HUNAN NORMAL UNIVERSITY,SRA2376200,,public,233DC56CB43869EB586DA0A38B9AABD1,86F19890ABFE2CE4FB7302E27FC2F992
SRR38148096,2026-04-17 07:51:36,2026-04-17 07:46:28,60027,36136254,60027,602,11,,https://sra-downloadb.be-md.ncbi.nlm.nih.gov/sos10/sra-pub-zq-1002/SRR038/38148/SRR38148096/SRR38148096.sralite.1,SRX32993570,PGM357_16S_P_4,AMPLICON,PCR,OTHER,PAIRED,0,0,ILLUMINA,Illumina HiSeq 2500,SRP692670,PRJNA1454788,,1454788,SRS28829221,SAMN57320840,simple,9823,Sus scrofa,PGM357_16S_P_4,,,,,missing,,no,,,,,HUNAN NORMAL UNIVERSITY,SRA2376200,,public,D0BD01768F3E4E71678D17CE64410DD2,5716853D515895390045628DC2490D5A
SRR38148095,2026-04-17 07:51:37,2026-04-17 07:46:21,60430,36378860,60430,602,10,,https://sra-downloadb.be-md.ncbi.nlm.nih.gov/sos10/sra-pub-zq-1002/SRR038/38148/SRR38148095/SRR38148095.sralite.1,SRX32993571,PGM357_16S_P_5,AMPLICON,PCR,OTHER,PAIRED,0,0,ILLUMINA,Illumina HiSeq 2500,SRP692670,PRJNA1454788,,1454788,SRS28829222,SAMN57320841,simple,9823,Sus scrofa,PGM357_16S_P_5,,,,,missing,,no,,,,,HUNAN NORMAL UNIVERSITY,SRA2376200,,public,1E3ADBB8E36040B7E737447C938F93B0,55327BABDE2C031C4840E3C68BEB99D6
SRR38148094,2026-04-17 07:51:37,2026-04-17 07:47:29,51221,30835042,51221,602,9,,https://sra-downloadb.be-md.ncbi.nlm.nih.gov/sos10/sra-pub-zq-1002/SRR038/38148/SRR38148094/SRR38148094.sralite.1,SRX32993572,PGM357_16S_P_6,AMPLICON,PCR,OTHER,PAIRED,0,0,ILLUMINA,Illumina HiSeq 2500,SRP692670,PRJNA1454788,,1454788,SRS28829223,SAMN57320842,simple,9823,Sus scrofa,PGM357_16S_P_6,,,,,missing,,no,,,,,HUNAN NORMAL UNIVERSITY,SRA2376200,,public,A055AE46FFFF7201D8A2299D47811B49,DCAA742430C1A03B22511B73BF808194
SRR38148091,2026-04-17 08:00:21,2026-04-17 07:58:17,20822724,6288462648,20822724,302,1682,,https://sra-downloadb.be-md.ncbi.nlm.nih.gov/sos10/sra-pub-zq-1002/SRR038/38148/SRR38148091/SRR38148091.sralite.1,SRX32993575,HW_RNA_P_3,RNA-Seq,PCR,OTHER,PAIRED,0,0,ILLUMINA,Illumina HiSeq 2500,SRP692670,PRJNA1454788,,1454788,SRS28829226,SAMN57320845,simple,9823,Sus scrofa,HW_RNA_P_3,,,,,missing,,no,,,,,HUNAN NORMAL UNIVERSITY,SRA2376200,,public,F3CC57F113774389028175AE28DECD67,0C67D22C0D34DDD67856CC8A885DEC33
SRR38148090,2026-04-17 08:09:40,2026-04-17 08:02:02,23244594,7019867388,23244594,302,1855,,https://sra-downloadb.be-md.ncbi.nlm.nih.gov/sos10/sra-pub-zq-1002/SRR038/38148/SRR38148090/SRR38148090.sralite.1,SRX32993576,LW_RNA_P_1,RNA-Seq,PCR,OTHER,PAIRED,0,0,ILLUMINA,Illumina HiSeq 2500,SRP692670,PRJNA1454788,,1454788,SRS28829227,SAMN57320846,simple,9823,Sus scrofa,LW_RNA_P_1,,,,,missing,,no,,,,,HUNAN NORMAL UNIVERSITY,SRA2376200,,public,8C2B5F02F5CCD561374CCC3E028285E5,CAF8678ABA886559E628BBC6EA2E9F04
SRR38148089,2026-04-17 08:03:17,2026-04-17 07:59:56,23511038,7100333476,23511038,302,1873,,https://sra-downloadb.be-md.ncbi.nlm.nih.gov/sos10/sra-pub-zq-1002/SRR038/38148/SRR38148089/SRR38148089.sralite.1,SRX32993577,LW_RNA_P_2,RNA-Seq,PCR,OTHER,PAIRED,0,0,ILLUMINA,Illumina HiSeq 2500,SRP692670,PRJNA1454788,,1454788,SRS28829228,SAMN57320847,simple,9823,Sus scrofa,LW_RNA_P_2,,,,,missing,,no,,,,,HUNAN NORMAL UNIVERSITY,SRA2376200,,public,7233A3E063A3794E6441B10D2FEFAC1B,EB5F87FC4FF1208CB55EC471A14DE152
SRR38148088,2026-04-17 08:09:40,2026-04-17 08:01:55,21805051,6585125402,21805051,302,1757,,https://sra-downloadb.be-md.ncbi.nlm.nih.gov/sos10/sra-pub-zq-1002/SRR038/38148/SRR38148088/SRR38148088.sralite.1,SRX32993578,LW_RNA_P_3,RNA-Seq,PCR,OTHER,PAIRED,0,0,ILLUMINA,Illumina HiSeq 2500,SRP692670,PRJNA1454788,,1454788,SRS28829229,SAMN57320848,simple,9823,Sus scrofa,LW_RNA_P_3,,,,,missing,,no,,,,,HUNAN NORMAL UNIVERSITY,SRA2376200,,public,3C3A353852812F2C18DF5BA35C7ECC2D,84323CC49764987E3490C8D68F748AF1
SRR38148087,2026-04-17 08:02:45,2026-04-17 07:58:44,22910090,6918847180,22910090,302,1861,,https://sra-downloadb.be-md.ncbi.nlm.nih.gov/sos10/sra-pub-zq-1002/SRR038/38148/SRR38148087/SRR38148087.sralite.1,SRX32993579,PGM357_RNA_P_1,RNA-Seq,PCR,OTHER,PAIRED,0,0,ILLUMINA,Illumina HiSeq 2500,SRP692670,PRJNA1454788,,1454788,SRS28829230,SAMN57320849,simple,9823,Sus scrofa,PGM357_RNA_P_1,,,,,missing,,no,,,,,HUNAN NORMAL UNIVERSITY,SRA2376200,,public,2242CD645C1897836A6629929FA99FB4,A520B357C3A82CB396BC4B8B24F1C0B4
SRR38148083,2026-04-17 08:03:17,2026-04-17 07:59:02,25069183,7570893266,25069183,302,1967,,https://sra-downloadb.be-md.ncbi.nlm.nih.gov/sos10/sra-pub-zq-1002/SRR038/38148/SRR38148083/SRR38148083.sralite.1,SRX32993583,CON_RNA_M_1,RNA-Seq,PCR,OTHER,PAIRED,0,0,ILLUMINA,Illumina HiSeq 2500,SRP692670,PRJNA1454788,,1454788,SRS28829234,SAMN57320852,simple,9823,Sus scrofa,CON_RNA_M_1,,,,,missing,,no,,,,,HUNAN NORMAL UNIVERSITY,SRA2376200,,public,796B4E3288058AF18FD182BD7EBC8AE5,F5FFC84492298BE6049BFC84CD71DA83
SRR38148082,2026-04-17 07:59:51,2026-04-17 07:57:04,20681691,6245870682,20681691,302,1631,,https://sra-downloadb.be-md.ncbi.nlm.nih.gov/sos10/sra-pub-zq-1002/SRR038/38148/SRR38148082/SRR38148082.sralite.1,SRX32993584,CON_RNA_M_2,RNA-Seq,PCR,OTHER,PAIRED,0,0,ILLUMINA,Illumina HiSeq 2500,SRP692670,PRJNA1454788,,1454788,SRS28829235,SAMN57320853,simple,9823,Sus scrofa,CON_RNA_M_2,,,,,missing,,no,,,,,HUNAN NORMAL UNIVERSITY,SRA2376200,,public,9AA7A656269A945FED125A4A8C85ECFF,0B8B288ED4135CC42E8B2FCE39B15DAE
SRR38148086,2026-04-17 07:51:37,2026-04-17 07:47:31,106048,63628800,106048,600,21,,https://sra-downloadb.be-md.ncbi.nlm.nih.gov/sos10/sra-pub-zq-1002/SRR038/38148/SRR38148086/SRR38148086.sralite.1,SRX32993580,HW_16S_6,AMPLICON,PCR,OTHER,PAIRED,0,0,ILLUMINA,Illumina HiSeq 2500,SRP692670,PRJNA1454788,,1454788,SRS28829231,SAMN57320805,simple,9823,Sus scrofa,HW_16S_6,,,,,missing,,no,,,,,HUNAN NORMAL UNIVERSITY,SRA2376200,,public,90F6051879021C435FE01CE5F5DF0E70,9189A3F0A10521A6B74646BF8E999CBB
SRR38148085,2026-04-17 08:03:17,2026-04-17 08:00:18,23069240,6966910480,23069240,302,1841,,https://sra-downloadb.be-md.ncbi.nlm.nih.gov/sos10/sra-pub-zq-1002/SRR038/38148/SRR38148085/SRR38148085.sralite.1,SRX32993581,PGM357_RNA_P_2,RNA-Seq,PCR,OTHER,PAIRED,0,0,ILLUMINA,Illumina HiSeq 2500,SRP692670,PRJNA1454788,,1454788,SRS28829232,SAMN57320850,simple,9823,Sus scrofa,PGM357_RNA_P_2,,,,,missing,,no,,,,,HUNAN NORMAL UNIVERSITY,SRA2376200,,public,13C347297F809A3D489D18E7EEB4830C,887598DE12BC014A1E16BBEEB605BD5A
SRR38148084,2026-04-17 08:03:17,2026-04-17 07:59:43,24204444,7309742088,24204444,302,1960,,https://sra-downloadb.be-md.ncbi.nlm.nih.gov/sos10/sra-pub-zq-1002/SRR038/38148/SRR38148084/SRR38148084.sralite.1,SRX32993582,PGM357_RNA_P_3,RNA-Seq,PCR,OTHER,PAIRED,0,0,ILLUMINA,Illumina HiSeq 2500,SRP692670,PRJNA1454788,,1454788,SRS28829233,SAMN57320851,simple,9823,Sus scrofa,PGM357_RNA_P_3,,,,,missing,,no,,,,,HUNAN NORMAL UNIVERSITY,SRA2376200,,public,E808DB1551FE8FA0B44B9CF126425733,2F7020E5F9A75FA1798593DAF0838183
SRR38148081,2026-04-17 07:59:51,2026-04-17 07:57:24,21688711,6549990722,21688711,302,1693,,https://sra-downloadb.be-md.ncbi.nlm.nih.gov/sos10/sra-pub-zq-1002/SRR038/38148/SRR38148081/SRR38148081.sralite.1,SRX32993585,CON_RNA_M_3,RNA-Seq,PCR,OTHER,PAIRED,0,0,ILLUMINA,Illumina HiSeq 2500,SRP692670,PRJNA1454788,,1454788,SRS28829236,SAMN57320854,simple,9823,Sus scrofa,CON_RNA_M_3,,,,,missing,,no,,,,,HUNAN NORMAL UNIVERSITY,SRA2376200,,public,9615849BB8D52ABE41DA8FC55F874996,D0F3617C51447C500B2447A7FE378D79
SRR38148080,2026-04-17 07:59:51,2026-04-17 07:56:12,19008431,5740546162,19008431,302,1468,,https://sra-downloadb.be-md.ncbi.nlm.nih.gov/sos10/sra-pub-zq-1002/SRR038/38148/SRR38148080/SRR38148080.sralite.1,SRX32993586,ERY_RNA_M_1,RNA-Seq,PCR,OTHER,PAIRED,0,0,ILLUMINA,Illumina HiSeq 2500,SRP692670,PRJNA1454788,,1454788,SRS28829237,SAMN57320855,simple,9823,Sus scrofa,ERY_RNA_M_1,,,,,missing,,no,,,,,HUNAN NORMAL UNIVERSITY,SRA2376200,,public,607CC320553E7AEE7DB3466A77710CF8,0157FBC339B59F28C13A166D80F2E3AF
SRR38148079,2026-04-17 07:59:51,2026-04-17 07:57:01,19598082,5918620764,19598082,302,1549,,https://sra-downloadb.be-md.ncbi.nlm.nih.gov/sos10/sra-pub-zq-1002/SRR038/38148/SRR38148079/SRR38148079.sralite.1,SRX32993587,ERY_RNA_M_2,RNA-Seq,PCR,OTHER,PAIRED,0,0,ILLUMINA,Illumina HiSeq 2500,SRP692670,PRJNA1454788,,1454788,SRS28829238,SAMN57320856,simple,9823,Sus scrofa,ERY_RNA_M_2,,,,,missing,,no,,,,,HUNAN NORMAL UNIVERSITY,SRA2376200,,public,35C31B4CAAD8F50B821DAEA32D02BB97,401EF3A61BB911147282284725B90656
SRR38148078,2026-04-17 08:03:17,2026-04-17 07:58:39,22851176,6901055152,22851176,302,1759,,https://sra-downloadb.be-md.ncbi.nlm.nih.gov/sos10/sra-pub-zq-1002/SRR038/38148/SRR38148078/SRR38148078.sralite.1,SRX32993588,ERY_RNA_M_3,RNA-Seq,PCR,OTHER,PAIRED,0,0,ILLUMINA,Illumina HiSeq 2500,SRP692670,PRJNA1454788,,1454788,SRS28829239,SAMN57320857,simple,9823,Sus scrofa,ERY_RNA_M_3,,,,,missing,,no,,,,,HUNAN NORMAL UNIVERSITY,SRA2376200,,public,8B0E458DE32B30B1597C287A6576D4FB,A1EB5B91DCAD28EC4D154D258CD6EC58
SRR38148077,2026-04-17 07:59:51,2026-04-17 07:56:20,21270941,6423824182,21270941,302,1588,,https://sra-downloadb.be-md.ncbi.nlm.nih.gov/sos10/sra-pub-zq-1002/SRR038/38148/SRR38148077/SRR38148077.sralite.1,SRX32993589,PGM357_RNA_M_1,RNA-Seq,PCR,OTHER,PAIRED,0,0,ILLUMINA,Illumina HiSeq 2500,SRP692670,PRJNA1454788,,1454788,SRS28829240,SAMN57320858,simple,9823,Sus scrofa,PGM357_RNA_M_1,,,,,missing,,no,,,,,HUNAN NORMAL UNIVERSITY,SRA2376200,,public,5C4D4A473F5DE29E239865EFC5EC47BD,1D1B4CC1243A6757FB929BF6A6F150AC
SRR38148075,2026-04-17 07:51:37,2026-04-17 07:46:34,115507,69304200,115507,600,23,,https://sra-downloadb.be-md.ncbi.nlm.nih.gov/sos10/sra-pub-zq-1002/SRR038/38148/SRR38148075/SRR38148075.sralite.1,SRX32993591,HW_16S_7,AMPLICON,PCR,OTHER,PAIRED,0,0,ILLUMINA,Illumina HiSeq 2500,SRP692670,PRJNA1454788,,1454788,SRS28829242,SAMN57320806,simple,9823,Sus scrofa,HW_16S_7,,,,,missing,,no,,,,,HUNAN NORMAL UNIVERSITY,SRA2376200,,public,84A71B5841344FD6224CFF9B3DD797F7,29AE97940B85ADFDADBCEB3673ABC1DB
SRR38148073,2026-04-17 07:51:37,2026-04-17 07:46:12,104534,62720400,104534,600,20,,https://sra-downloadb.be-md.ncbi.nlm.nih.gov/sos10/sra-pub-zq-1002/SRR038/38148/SRR38148073/SRR38148073.sralite.1,SRX32993593,LW_16S_1,AMPLICON,PCR,OTHER,PAIRED,0,0,ILLUMINA,Illumina HiSeq 2500,SRP692670,PRJNA1454788,,1454788,SRS28829244,SAMN57320807,simple,9823,Sus scrofa,LW_16S_1,,,,,missing,,no,,,,,HUNAN NORMAL UNIVERSITY,SRA2376200,,public,E87EFBE62C9A3274672C8535F5BB59CC,EADB2EDF736F2366C3B9F9A1127A1E0D
SRR38148072,2026-04-17 07:51:37,2026-04-17 07:46:17,119946,71967600,119946,600,23,,https://sra-downloadb.be-md.ncbi.nlm.nih.gov/sos10/sra-pub-zq-1002/SRR038/38148/SRR38148072/SRR38148072.sralite.1,SRX32993594,LW_16S_2,AMPLICON,PCR,OTHER,PAIRED,0,0,ILLUMINA,Illumina HiSeq 2500,SRP692670,PRJNA1454788,,1454788,SRS28829245,SAMN57320808,simple,9823,Sus scrofa,LW_16S_2,,,,,missing,,no,,,,,HUNAN NORMAL UNIVERSITY,SRA2376200,,public,BF09799F6100C23B481C68FCC2E7683C,CE18EC51B7E24C34FB8A202A1910553C
SRR38148076,2026-04-17 07:59:51,2026-04-17 07:56:15,21149437,6387129974,21149437,302,1618,,https://sra-downloadb.be-md.ncbi.nlm.nih.gov/sos10/sra-pub-zq-1002/SRR038/38148/SRR38148076/SRR38148076.sralite.1,SRX32993590,PGM357_RNA_M_2,RNA-Seq,PCR,OTHER,PAIRED,0,0,ILLUMINA,Illumina HiSeq 2500,SRP692670,PRJNA1454788,,1454788,SRS28829241,SAMN57320859,simple,9823,Sus scrofa,PGM357_RNA_M_2,,,,,missing,,no,,,,,HUNAN NORMAL UNIVERSITY,SRA2376200,,public,EEAD73448FB52534D2C5C9819388E7A3,D366A21215D222DC172B77B9DFE70EE0
SRR38148074,2026-04-17 08:03:17,2026-04-17 07:58:40,21717264,6558613728,21717264,302,1720,,https://sra-downloadb.be-md.ncbi.nlm.nih.gov/sos10/sra-pub-zq-1002/SRR038/38148/SRR38148074/SRR38148074.sralite.1,SRX32993592,PGM357_RNA_M_3,RNA-Seq,PCR,OTHER,PAIRED,0,0,ILLUMINA,Illumina HiSeq 2500,SRP692670,PRJNA1454788,,1454788,SRS28829243,SAMN57320860,simple,9823,Sus scrofa,PGM357_RNA_M_3,,,,,missing,,no,,,,,HUNAN NORMAL UNIVERSITY,SRA2376200,,public,5F200455055774305DBFA0C7E24DBD82,4C629579FD78A23603A588191071F6BF
SRR38148071,2026-04-17 07:51:37,2026-04-17 07:46:20,110431,66258600,110431,600,22,,https://sra-downloadb.be-md.ncbi.nlm.nih.gov/sos10/sra-pub-zq-1002/SRR038/38148/SRR38148071/SRR38148071.sralite.1,SRX32993595,LW_16S_3,AMPLICON,PCR,OTHER,PAIRED,0,0,ILLUMINA,Illumina HiSeq 2500,SRP692670,PRJNA1454788,,1454788,SRS28829246,SAMN57320809,simple,9823,Sus scrofa,LW_16S_3,,,,,missing,,no,,,,,HUNAN NORMAL UNIVERSITY,SRA2376200,,public,E08469C39B83E14BE831EDA7156E8E07,5B9DA3EDBB57A800930672D4E3CE8E01
