Run,Assay Type,AvgSpotLen,Bases,BioProject,BioSample,BioSampleModel,Bytes,Center Name,collected_by,Collection_Date,Consent,DATASTORE filetype,DATASTORE provider,DATASTORE region,Experiment,geo_loc_name_country,geo_loc_name_country_continent,geo_loc_name,Host,Instrument,isolation_source,lab_host,Library Name,LibraryLayout,LibrarySelection,LibrarySource,Organism,Platform,quality (run),ReleaseDate,create_date,version,Sample Name,sample_type,SRA Study,strain
SRR1542568,AMPLICON,501,19492752,PRJNA257009,SAMN02943910,"Microbe\, viral or environmental",14377068,JEJU NATIONAL UNIVERSITY,JMK,2013,public,"fastq,run.zq,sra","gs,ncbi,s3","gs.us-east1,ncbi.public,s3.us-east-1",SRX673993,uncalculated,uncalculated,not applicable,pig,Illumina MiSeq,white1-3D,ABL,,PAIRED,PCR,METAGENOMIC,pig gut metagenome,ILLUMINA,PHRED_33,2014-08-12T00:00:00Z,2014-08-12T23:10:00Z,1,white1-3D,missing,SRP045387,not applicable
SRR1542569,AMPLICON,501,38427719,PRJNA257009,SAMN02943911,"Microbe\, viral or environmental",28731670,JEJU NATIONAL UNIVERSITY,JMK,2013,public,"fastq,run.zq,sra","gs,ncbi,s3","gs.us-east1,ncbi.public,s3.us-east-1",SRX673994,uncalculated,uncalculated,not applicable,pig,Illumina MiSeq,white1-3W,ABL,,PAIRED,PCR,METAGENOMIC,pig gut metagenome,ILLUMINA,PHRED_33,2014-08-12T00:00:00Z,2014-08-12T23:10:00Z,1,white1-3W,missing,SRP045387,not applicable
SRR1542571,AMPLICON,501,20033046,PRJNA257009,SAMN02943912,"Microbe\, viral or environmental",14756646,JEJU NATIONAL UNIVERSITY,JMK,2013,public,"fastq,run.zq,sra","gs,ncbi,s3","gs.us-east1,ncbi.public,s3.us-east-1",SRX673995,uncalculated,uncalculated,not applicable,pig,Illumina MiSeq,white1-4W,ABL,,PAIRED,PCR,METAGENOMIC,pig gut metagenome,ILLUMINA,PHRED_33,2014-08-12T00:00:00Z,2014-08-12T23:10:00Z,1,white1-4W,missing,SRP045387,not applicable
SRR1542572,AMPLICON,501,1609646,PRJNA257009,SAMN02943913,"Microbe\, viral or environmental",1269290,JEJU NATIONAL UNIVERSITY,JMK,2013,public,"fastq,run.zq,sra","gs,ncbi,s3","gs.us-east1,ncbi.public,s3.us-east-1",SRX673996,uncalculated,uncalculated,not applicable,pig,Illumina MiSeq,white1-5W,ABL,,PAIRED,PCR,METAGENOMIC,pig gut metagenome,ILLUMINA,PHRED_33,2014-08-12T00:00:00Z,2014-08-12T23:11:00Z,1,white1-5W,missing,SRP045387,not applicable
SRR1542573,AMPLICON,501,967122,PRJNA257009,SAMN02943914,"Microbe\, viral or environmental",783250,JEJU NATIONAL UNIVERSITY,JMK,2013,public,"fastq,run.zq,sra","gs,ncbi,s3","gs.us-east1,ncbi.public,s3.us-east-1",SRX673997,uncalculated,uncalculated,not applicable,pig,Illumina MiSeq,white1-6W,ABL,,PAIRED,PCR,METAGENOMIC,pig gut metagenome,ILLUMINA,PHRED_33,2014-08-12T00:00:00Z,2014-08-12T23:11:00Z,1,white1-6W,missing,SRP045387,not applicable
SRR1542575,AMPLICON,501,13327486,PRJNA257009,SAMN02943915,"Microbe\, viral or environmental",10037460,JEJU NATIONAL UNIVERSITY,JMK,2013,public,"fastq,run.zq,sra","gs,ncbi,s3","gs.us-east1,ncbi.public,s3.us-east-1",SRX673998,uncalculated,uncalculated,not applicable,pig,Illumina MiSeq,white1-7W,ABL,,PAIRED,PCR,METAGENOMIC,pig gut metagenome,ILLUMINA,PHRED_33,2014-08-12T00:00:00Z,2014-08-12T23:11:00Z,1,white1-7W,missing,SRP045387,not applicable
SRR1542576,AMPLICON,501,48617013,PRJNA257009,SAMN02943916,"Microbe\, viral or environmental",37446144,JEJU NATIONAL UNIVERSITY,JMK,2013,public,"fastq,run.zq,sra","gs,ncbi,s3","gs.us-east1,ncbi.public,s3.us-east-1",SRX673999,uncalculated,uncalculated,not applicable,pig,Illumina MiSeq,white1-8w,ABL,,PAIRED,PCR,METAGENOMIC,pig gut metagenome,ILLUMINA,PHRED_33,2014-08-12T00:00:00Z,2014-08-12T23:14:00Z,1,white1-8w,missing,SRP045387,not applicable
SRR1542577,AMPLICON,501,24253332,PRJNA257009,SAMN02943917,"Microbe\, viral or environmental",18604228,JEJU NATIONAL UNIVERSITY,JMK,2013,public,"fastq,run.zq,sra","gs,ncbi,s3","gs.us-east1,ncbi.public,s3.us-east-1",SRX674000,uncalculated,uncalculated,not applicable,pig,Illumina MiSeq,white1-9w,ABL,,PAIRED,PCR,METAGENOMIC,pig gut metagenome,ILLUMINA,PHRED_33,2014-08-12T00:00:00Z,2014-08-12T23:14:00Z,1,white1-9w,missing,SRP045387,not applicable
SRR1542579,AMPLICON,501,9125081,PRJNA257009,SAMN02943918,"Microbe\, viral or environmental",6828682,JEJU NATIONAL UNIVERSITY,JMK,2013,public,"fastq,run.zq,sra","gs,ncbi,s3","gs.us-east1,ncbi.public,s3.us-east-1",SRX674001,uncalculated,uncalculated,not applicable,pig,Illumina MiSeq,white2-0D,ABL,,PAIRED,PCR,METAGENOMIC,pig gut metagenome,ILLUMINA,PHRED_33,2014-08-12T00:00:00Z,2014-08-12T23:14:00Z,1,white2-0D,missing,SRP045387,not applicable
SRR1542581,AMPLICON,501,38535449,PRJNA257009,SAMN02943919,"Microbe\, viral or environmental",28285625,JEJU NATIONAL UNIVERSITY,JMK,2013,public,"fastq,run.zq,sra","gs,ncbi,s3","gs.us-east1,ncbi.public,s3.us-east-1",SRX674002,uncalculated,uncalculated,not applicable,pig,Illumina MiSeq,white2-1W,ABL,,PAIRED,PCR,METAGENOMIC,pig gut metagenome,ILLUMINA,PHRED_33,2014-08-12T00:00:00Z,2014-08-12T23:14:00Z,1,white2-1W,missing,SRP045387,not applicable
SRR1542582,AMPLICON,501,21889436,PRJNA257009,SAMN02943920,"Microbe\, viral or environmental",16329541,JEJU NATIONAL UNIVERSITY,JMK,2013,public,"fastq,run.zq,sra","gs,ncbi,s3","gs.us-east1,ncbi.public,s3.us-east-1",SRX674003,uncalculated,uncalculated,not applicable,pig,Illumina MiSeq,white2-2W,ABL,,PAIRED,PCR,METAGENOMIC,pig gut metagenome,ILLUMINA,PHRED_33,2014-08-12T00:00:00Z,2014-08-12T23:14:00Z,1,white2-2W,missing,SRP045387,not applicable
SRR1542583,AMPLICON,501,25881287,PRJNA257009,SAMN02943921,"Microbe\, viral or environmental",19226114,JEJU NATIONAL UNIVERSITY,JMK,2013,public,"fastq,run.zq,sra","gs,ncbi,s3","gs.us-east1,ncbi.public,s3.us-east-1",SRX674006,uncalculated,uncalculated,not applicable,pig,Illumina MiSeq,white2-3D,ABL,,PAIRED,PCR,METAGENOMIC,pig gut metagenome,ILLUMINA,PHRED_33,2014-08-12T00:00:00Z,2014-08-12T23:14:00Z,1,white2-3D,missing,SRP045387,not applicable
SRR1542584,AMPLICON,501,28529538,PRJNA257009,SAMN02943922,"Microbe\, viral or environmental",20749692,JEJU NATIONAL UNIVERSITY,JMK,2013,public,"fastq,run.zq,sra","gs,ncbi,s3","gs.us-east1,ncbi.public,s3.us-east-1",SRX674009,uncalculated,uncalculated,not applicable,pig,Illumina MiSeq,white2-3W,ABL,,PAIRED,PCR,METAGENOMIC,pig gut metagenome,ILLUMINA,PHRED_33,2014-08-12T00:00:00Z,2014-08-12T23:11:00Z,1,white2-3W,missing,SRP045387,not applicable
SRR1542585,AMPLICON,501,19539396,PRJNA257009,SAMN02943923,"Microbe\, viral or environmental",14655112,JEJU NATIONAL UNIVERSITY,JMK,2013,public,"fastq,run.zq,sra","gs,ncbi,s3","gs.us-east1,ncbi.public,s3.us-east-1",SRX674014,uncalculated,uncalculated,not applicable,pig,Illumina MiSeq,white2-4W,ABL,,PAIRED,PCR,METAGENOMIC,pig gut metagenome,ILLUMINA,PHRED_33,2014-08-12T00:00:00Z,2014-08-12T23:11:00Z,1,white2-4W,missing,SRP045387,not applicable
SRR1542586,AMPLICON,501,1919288,PRJNA257009,SAMN02943924,"Microbe\, viral or environmental",1461212,JEJU NATIONAL UNIVERSITY,JMK,2013,public,"fastq,run.zq,sra","gs,ncbi,s3","gs.us-east1,ncbi.public,s3.us-east-1",SRX674017,uncalculated,uncalculated,not applicable,pig,Illumina MiSeq,white2-5W,ABL,,PAIRED,PCR,METAGENOMIC,pig gut metagenome,ILLUMINA,PHRED_33,2014-08-12T00:00:00Z,2014-08-12T23:11:00Z,1,white2-5W,missing,SRP045387,not applicable
SRR1542587,AMPLICON,501,1380062,PRJNA257009,SAMN02943925,"Microbe\, viral or environmental",1107047,JEJU NATIONAL UNIVERSITY,JMK,2013,public,"fastq,run.zq,sra","gs,ncbi,s3","gs.us-east1,ncbi.public,s3.us-east-1",SRX674020,uncalculated,uncalculated,not applicable,pig,Illumina MiSeq,white2-6W,ABL,,PAIRED,PCR,METAGENOMIC,pig gut metagenome,ILLUMINA,PHRED_33,2014-08-12T00:00:00Z,2014-08-12T23:11:00Z,1,white2-6W,missing,SRP045387,not applicable
SRR1542588,AMPLICON,501,9792289,PRJNA257009,SAMN02943926,"Microbe\, viral or environmental",7488402,JEJU NATIONAL UNIVERSITY,JMK,2013,public,"fastq,run.zq,sra","gs,ncbi,s3","gs.us-east1,ncbi.public,s3.us-east-1",SRX674022,uncalculated,uncalculated,not applicable,pig,Illumina MiSeq,white2-7W,ABL,,PAIRED,PCR,METAGENOMIC,pig gut metagenome,ILLUMINA,PHRED_33,2014-08-12T00:00:00Z,2014-08-12T23:11:00Z,1,white2-7W,missing,SRP045387,not applicable
SRR1542589,AMPLICON,501,39122566,PRJNA257009,SAMN02943927,"Microbe\, viral or environmental",30093186,JEJU NATIONAL UNIVERSITY,JMK,2013,public,"fastq,run.zq,sra","gs,ncbi,s3","gs.us-east1,ncbi.public,s3.us-east-1",SRX674025,uncalculated,uncalculated,not applicable,pig,Illumina MiSeq,white2-8w,ABL,,PAIRED,PCR,METAGENOMIC,pig gut metagenome,ILLUMINA,PHRED_33,2014-08-12T00:00:00Z,2014-08-12T23:11:00Z,1,white2-8w,missing,SRP045387,not applicable
SRR1542590,AMPLICON,501,20126071,PRJNA257009,SAMN02943928,"Microbe\, viral or environmental",15431192,JEJU NATIONAL UNIVERSITY,JMK,2013,public,"fastq,run.zq,sra","gs,ncbi,s3","gs.us-east1,ncbi.public,s3.us-east-1",SRX674029,uncalculated,uncalculated,not applicable,pig,Illumina MiSeq,white2-9w,ABL,,PAIRED,PCR,METAGENOMIC,pig gut metagenome,ILLUMINA,PHRED_33,2014-08-12T00:00:00Z,2014-08-12T23:11:00Z,1,white2-9w,missing,SRP045387,not applicable
SRR1542594,AMPLICON,501,9591925,PRJNA257009,SAMN02943929,"Microbe\, viral or environmental",7220411,JEJU NATIONAL UNIVERSITY,JMK,2013,public,"fastq,run.zq,sra","gs,ncbi,s3","gs.us-east1,ncbi.public,s3.us-east-1",SRX674031,uncalculated,uncalculated,not applicable,pig,Illumina MiSeq,white3-0D,ABL,,PAIRED,PCR,METAGENOMIC,pig gut metagenome,ILLUMINA,PHRED_33,2014-08-12T00:00:00Z,2014-08-12T23:11:00Z,1,white3-0D,missing,SRP045387,not applicable
SRR1542598,AMPLICON,501,39635357,PRJNA257009,SAMN02943930,"Microbe\, viral or environmental",29487539,JEJU NATIONAL UNIVERSITY,JMK,2013,public,"fastq,run.zq,sra","gs,ncbi,s3","gs.us-east1,ncbi.public,s3.us-east-1",SRX674036,uncalculated,uncalculated,not applicable,pig,Illumina MiSeq,white3-1W,ABL,,PAIRED,PCR,METAGENOMIC,pig gut metagenome,ILLUMINA,PHRED_33,2014-08-12T00:00:00Z,2014-08-12T23:11:00Z,1,white3-1W,missing,SRP045387,not applicable
SRR1542601,AMPLICON,501,19578977,PRJNA257009,SAMN02943931,"Microbe\, viral or environmental",14313946,JEJU NATIONAL UNIVERSITY,JMK,2013,public,"fastq,run.zq,sra","gs,ncbi,s3","gs.us-east1,ncbi.public,s3.us-east-1",SRX674039,uncalculated,uncalculated,not applicable,pig,Illumina MiSeq,white3-2W,ABL,,PAIRED,PCR,METAGENOMIC,pig gut metagenome,ILLUMINA,PHRED_33,2014-08-12T00:00:00Z,2014-08-12T23:11:00Z,1,white3-2W,missing,SRP045387,not applicable
SRR1542635,AMPLICON,501,19078559,PRJNA257009,SAMN02943932,"Microbe\, viral or environmental",13908191,JEJU NATIONAL UNIVERSITY,JMK,2013,public,"fastq,run.zq,sra","gs,ncbi,s3","gs.us-east1,ncbi.public,s3.us-east-1",SRX674054,uncalculated,uncalculated,not applicable,pig,Illumina MiSeq,white3-3D,ABL,,PAIRED,PCR,METAGENOMIC,pig gut metagenome,ILLUMINA,PHRED_33,2014-08-12T00:00:00Z,2014-08-12T23:11:00Z,1,white3-3D,missing,SRP045387,not applicable
SRR1542653,AMPLICON,501,28898092,PRJNA257009,SAMN02943933,"Microbe\, viral or environmental",21120442,JEJU NATIONAL UNIVERSITY,JMK,2013,public,"fastq,run.zq,sra","gs,ncbi,s3","gs.us-east1,ncbi.public,s3.us-east-1",SRX674059,uncalculated,uncalculated,not applicable,pig,Illumina MiSeq,white3-3W,ABL,,PAIRED,PCR,METAGENOMIC,pig gut metagenome,ILLUMINA,PHRED_33,2014-08-12T00:00:00Z,2014-08-12T23:11:00Z,1,white3-3W,missing,SRP045387,not applicable
SRR1542657,AMPLICON,501,20812726,PRJNA257009,SAMN02943934,"Microbe\, viral or environmental",15275071,JEJU NATIONAL UNIVERSITY,JMK,2013,public,"fastq,run.zq,sra","gs,ncbi,s3","gs.us-east1,ncbi.public,s3.us-east-1",SRX674060,uncalculated,uncalculated,not applicable,pig,Illumina MiSeq,white3-4W,ABL,,PAIRED,PCR,METAGENOMIC,pig gut metagenome,ILLUMINA,PHRED_33,2014-08-12T00:00:00Z,2014-08-12T23:11:00Z,1,white3-4W,missing,SRP045387,not applicable
SRR1542661,AMPLICON,501,1582216,PRJNA257009,SAMN02943935,"Microbe\, viral or environmental",1228892,JEJU NATIONAL UNIVERSITY,JMK,2013,public,"fastq,run.zq,sra","gs,ncbi,s3","gs.us-east1,ncbi.public,s3.us-east-1",SRX674061,uncalculated,uncalculated,not applicable,pig,Illumina MiSeq,white3-5W,ABL,,PAIRED,PCR,METAGENOMIC,pig gut metagenome,ILLUMINA,PHRED_33,2014-08-12T00:00:00Z,2014-08-12T23:11:00Z,1,white3-5W,missing,SRP045387,not applicable
SRR1542675,AMPLICON,501,1285553,PRJNA257009,SAMN02943936,"Microbe\, viral or environmental",1018131,JEJU NATIONAL UNIVERSITY,JMK,2013,public,"fastq,run.zq,sra","gs,ncbi,s3","gs.us-east1,ncbi.public,s3.us-east-1",SRX674074,uncalculated,uncalculated,not applicable,pig,Illumina MiSeq,white3-6W,ABL,,PAIRED,PCR,METAGENOMIC,pig gut metagenome,ILLUMINA,PHRED_33,2014-08-12T00:00:00Z,2014-08-12T23:12:00Z,1,white3-6W,missing,SRP045387,not applicable
SRR1542676,AMPLICON,501,11145123,PRJNA257009,SAMN02943937,"Microbe\, viral or environmental",8473615,JEJU NATIONAL UNIVERSITY,JMK,2013,public,"fastq,run.zq,sra","gs,ncbi,s3","gs.us-east1,ncbi.public,s3.us-east-1",SRX674075,uncalculated,uncalculated,not applicable,pig,Illumina MiSeq,white3-7W,ABL,,PAIRED,PCR,METAGENOMIC,pig gut metagenome,ILLUMINA,PHRED_33,2014-08-12T00:00:00Z,2014-08-12T23:12:00Z,1,white3-7W,missing,SRP045387,not applicable
SRR1542679,AMPLICON,501,48340296,PRJNA257009,SAMN02943938,"Microbe\, viral or environmental",37198920,JEJU NATIONAL UNIVERSITY,JMK,2013,public,"fastq,run.zq,sra","gs,ncbi,s3","gs.us-east1,ncbi.public,s3.us-east-1",SRX674076,uncalculated,uncalculated,not applicable,pig,Illumina MiSeq,white3-8w,ABL,,PAIRED,PCR,METAGENOMIC,pig gut metagenome,ILLUMINA,PHRED_33,2014-08-12T00:00:00Z,2014-08-12T23:12:00Z,1,white3-8w,missing,SRP045387,not applicable
SRR1542680,AMPLICON,501,29495377,PRJNA257009,SAMN02943939,"Microbe\, viral or environmental",22474917,JEJU NATIONAL UNIVERSITY,JMK,2013,public,"fastq,run.zq,sra","gs,ncbi,s3","gs.us-east1,ncbi.public,s3.us-east-1",SRX674077,uncalculated,uncalculated,not applicable,pig,Illumina MiSeq,white3-9w,ABL,,PAIRED,PCR,METAGENOMIC,pig gut metagenome,ILLUMINA,PHRED_33,2014-08-12T00:00:00Z,2014-08-12T23:12:00Z,1,white3-9w,missing,SRP045387,not applicable
