Run,AGE,Assay Type,AvgSpotLen,Bases,BioProject,BioSample,BioSampleModel,BREED,Bytes,Center Name,Consent,Cultivar,DATASTORE filetype,DATASTORE provider,DATASTORE region,Experiment,Instrument,isolate,Library Name,LibraryLayout,LibrarySelection,LibrarySource,Organism,Platform,ReleaseDate,create_date,version,Sample Name,sex,SRA Study,strain,tissue,treatment
SRR1654656,21,AMPLICON,562,4854456,PRJNA266806,SAMN03174436,Model organism or animal,not collected,11214880,UNIVERSITY OF ILLINOIS-URBANA CHAMPAIGN,public,not collected,"run.zq,sff,sra","gs,ncbi,s3","gs.us-east1,ncbi.public,s3.us-east-1",SRX761200,454 GS FLX Titanium,not collected,16S Amplification,SINGLE,PCR,GENOMIC,Sus scrofa,LS454,2014-11-24T00:00:00Z,2014-11-18T16:04:00Z,1,40AC,female,SRP049961,not collected,Ascending Colon Contents,FORM_AC_1
SRR1654658,21,AMPLICON,550,3876835,PRJNA266806,SAMN03174437,Model organism or animal,not collected,9002760,UNIVERSITY OF ILLINOIS-URBANA CHAMPAIGN,public,not collected,"run.zq,sff,sra","gs,ncbi,s3","gs.us-east1,ncbi.public,s3.us-east-1",SRX761201,454 GS FLX Titanium,not collected,16S Amplification,SINGLE,PCR,GENOMIC,Sus scrofa,LS454,2015-11-10T00:00:00Z,2014-11-18T16:04:00Z,1,41AC,male,SRP049961,not collected,Ascending Colon Contents,FORM_AC_2
SRR1654661,21,AMPLICON,559,3298952,PRJNA266806,SAMN03174438,Model organism or animal,not collected,7651712,UNIVERSITY OF ILLINOIS-URBANA CHAMPAIGN,public,not collected,"run.zq,sff,sra","gs,ncbi,s3","gs.us-east1,ncbi.public,s3.us-east-1",SRX761203,454 GS FLX Titanium,not collected,16S Amplification,SINGLE,PCR,GENOMIC,Sus scrofa,LS454,2015-11-10T00:00:00Z,2014-11-18T16:04:00Z,1,42AC,male,SRP049961,not collected,Ascending Colon Contents,FORM_AC_3
SRR1654662,21,AMPLICON,558,3125328,PRJNA266806,SAMN03174439,Model organism or animal,not collected,7240884,UNIVERSITY OF ILLINOIS-URBANA CHAMPAIGN,public,not collected,"run.zq,sff,sra","gs,ncbi,s3","gs.us-east1,ncbi.public,s3.us-east-1",SRX761205,454 GS FLX Titanium,not collected,16S Amplification,SINGLE,PCR,GENOMIC,Sus scrofa,LS454,2015-11-10T00:00:00Z,2014-11-18T16:04:00Z,1,43AC,male,SRP049961,not collected,Ascending Colon Contents,FORM_AC_4
SRR1654663,21,AMPLICON,557,2959418,PRJNA266806,SAMN03174440,Model organism or animal,not collected,6868031,UNIVERSITY OF ILLINOIS-URBANA CHAMPAIGN,public,not collected,"run.zq,sff,sra","gs,ncbi,s3","gs.us-east1,ncbi.public,s3.us-east-1",SRX761206,454 GS FLX Titanium,not collected,16S Amplification,SINGLE,PCR,GENOMIC,Sus scrofa,LS454,2015-11-10T00:00:00Z,2014-11-18T16:16:00Z,1,45AC,female,SRP049961,not collected,Ascending Colon Contents,FORM_AC_5
SRR1654988,21,AMPLICON,557,4881231,PRJNA266806,SAMN03174441,Model organism or animal,not collected,11279273,UNIVERSITY OF ILLINOIS-URBANA CHAMPAIGN,public,not collected,"run.zq,sff,sra","gs,ncbi,s3","gs.us-east1,ncbi.public,s3.us-east-1",SRX761514,454 GS FLX Titanium,not collected,16S Amplification,SINGLE,PCR,GENOMIC,Sus scrofa,LS454,2015-11-10T00:00:00Z,2014-11-18T16:16:00Z,1,46AC,male,SRP049961,not collected,Ascending Colon Contents,FORM_AC_6
SRR1654993,21,AMPLICON,556,4054436,PRJNA266806,SAMN03174442,Model organism or animal,not collected,9401812,UNIVERSITY OF ILLINOIS-URBANA CHAMPAIGN,public,not collected,"run.zq,sff,sra","gs,ncbi,s3","gs.us-east1,ncbi.public,s3.us-east-1",SRX761515,454 GS FLX Titanium,not collected,16S Amplification,SINGLE,PCR,GENOMIC,Sus scrofa,LS454,2015-11-10T00:00:00Z,2014-11-18T16:16:00Z,1,47AC,male,SRP049961,not collected,Ascending Colon Contents,FORM_AC_7
SRR1655000,21,AMPLICON,558,6253117,PRJNA266806,SAMN03174443,Model organism or animal,not collected,14397191,UNIVERSITY OF ILLINOIS-URBANA CHAMPAIGN,public,not collected,"run.zq,sff,sra","gs,ncbi,s3","gs.us-east1,ncbi.public,s3.us-east-1",SRX761523,454 GS FLX Titanium,not collected,16S Amplification,SINGLE,PCR,GENOMIC,Sus scrofa,LS454,2015-11-10T00:00:00Z,2014-11-18T16:16:00Z,1,48AC,female,SRP049961,not collected,Ascending Colon Contents,FORM_AC_8
SRR1655058,21,AMPLICON,554,3295383,PRJNA266806,SAMN03174444,Model organism or animal,not collected,7667712,UNIVERSITY OF ILLINOIS-URBANA CHAMPAIGN,public,not collected,"run.zq,sff,sra","gs,ncbi,s3","gs.us-east1,ncbi.public,s3.us-east-1",SRX761557,454 GS FLX Titanium,not collected,16S Amplification,SINGLE,PCR,GENOMIC,Sus scrofa,LS454,2015-11-10T00:00:00Z,2014-11-18T16:16:00Z,1,50AC,female,SRP049961,not collected,Ascending Colon Contents,FGP_AC_1
SRR1655059,21,AMPLICON,552,3530740,PRJNA266806,SAMN03174445,Model organism or animal,not collected,8230577,UNIVERSITY OF ILLINOIS-URBANA CHAMPAIGN,public,not collected,"run.zq,sff,sra","gs,ncbi,s3","gs.us-east1,ncbi.public,s3.us-east-1",SRX761558,454 GS FLX Titanium,not collected,16S Amplification,SINGLE,PCR,GENOMIC,Sus scrofa,LS454,2015-11-10T00:00:00Z,2014-11-18T16:16:00Z,1,51AC,male,SRP049961,not collected,Ascending Colon Contents,FGP_AC_2
SRR1655068,21,AMPLICON,554,5024501,PRJNA266806,SAMN03174446,Model organism or animal,not collected,11639006,UNIVERSITY OF ILLINOIS-URBANA CHAMPAIGN,public,not collected,"run.zq,sff,sra","gs,ncbi,s3","gs.us-east1,ncbi.public,s3.us-east-1",SRX761560,454 GS FLX Titanium,not collected,16S Amplification,SINGLE,PCR,GENOMIC,Sus scrofa,LS454,2015-11-10T00:00:00Z,2014-11-18T16:16:00Z,1,52AC,male,SRP049961,not collected,Ascending Colon Contents,FGP_AC_3
SRR1655069,21,AMPLICON,549,3130783,PRJNA266806,SAMN03174447,Model organism or animal,not collected,7269523,UNIVERSITY OF ILLINOIS-URBANA CHAMPAIGN,public,not collected,"run.zq,sff,sra","gs,ncbi,s3","gs.us-east1,ncbi.public,s3.us-east-1",SRX761568,454 GS FLX Titanium,not collected,16S Amplification,SINGLE,PCR,GENOMIC,Sus scrofa,LS454,2015-11-10T00:00:00Z,2014-11-18T16:16:00Z,1,53AC,male,SRP049961,not collected,Ascending Colon Contents,FGP_AC_4
SRR1655070,21,AMPLICON,555,3854588,PRJNA266806,SAMN03174448,Model organism or animal,not collected,8979622,UNIVERSITY OF ILLINOIS-URBANA CHAMPAIGN,public,not collected,"run.zq,sff,sra","gs,ncbi,s3","gs.us-east1,ncbi.public,s3.us-east-1",SRX761569,454 GS FLX Titanium,not collected,16S Amplification,SINGLE,PCR,GENOMIC,Sus scrofa,LS454,2015-11-10T00:00:00Z,2014-11-18T16:16:00Z,1,54AC,female,SRP049961,not collected,Ascending Colon Contents,FGP_AC_5
SRR1655071,21,AMPLICON,551,4122309,PRJNA266806,SAMN03174449,Model organism or animal,not collected,9576449,UNIVERSITY OF ILLINOIS-URBANA CHAMPAIGN,public,not collected,"run.zq,sff,sra","gs,ncbi,s3","gs.us-east1,ncbi.public,s3.us-east-1",SRX761570,454 GS FLX Titanium,not collected,16S Amplification,SINGLE,PCR,GENOMIC,Sus scrofa,LS454,2015-11-10T00:00:00Z,2014-11-18T16:16:00Z,1,55AC,male,SRP049961,not collected,Ascending Colon Contents,FGP_AC_6
SRR1655073,21,AMPLICON,560,2381137,PRJNA266806,SAMN03174450,Model organism or animal,not collected,5545469,UNIVERSITY OF ILLINOIS-URBANA CHAMPAIGN,public,not collected,"run.zq,sff,sra","gs,ncbi,s3","gs.us-east1,ncbi.public,s3.us-east-1",SRX761572,454 GS FLX Titanium,not collected,16S Amplification,SINGLE,PCR,GENOMIC,Sus scrofa,LS454,2015-11-10T00:00:00Z,2014-11-18T16:17:00Z,1,56AC,male,SRP049961,not collected,Ascending Colon Contents,FGP_AC_7
SRR1655074,21,AMPLICON,561,4555469,PRJNA266806,SAMN03174451,Model organism or animal,not collected,10561519,UNIVERSITY OF ILLINOIS-URBANA CHAMPAIGN,public,not collected,"run.zq,sff,sra","gs,ncbi,s3","gs.us-east1,ncbi.public,s3.us-east-1",SRX761573,454 GS FLX Titanium,not collected,16S Amplification,SINGLE,PCR,GENOMIC,Sus scrofa,LS454,2015-11-10T00:00:00Z,2014-11-18T16:16:00Z,1,57AC,male,SRP049961,not collected,Ascending Colon Contents,FGP_AC_8
SRR1655076,21,AMPLICON,559,2862469,PRJNA266806,SAMN03174453,Model organism or animal,not collected,6640882,UNIVERSITY OF ILLINOIS-URBANA CHAMPAIGN,public,not collected,"run.zq,sff,sra","gs,ncbi,s3","gs.us-east1,ncbi.public,s3.us-east-1",SRX761576,454 GS FLX Titanium,not collected,16S Amplification,SINGLE,PCR,GENOMIC,Sus scrofa,LS454,2015-11-10T00:00:00Z,2014-11-18T16:16:00Z,1,60AC,female,SRP049961,not collected,Ascending Colon Contents,SOW_AC_1
SRR1655079,21,AMPLICON,561,4913655,PRJNA266806,SAMN03174454,Model organism or animal,not collected,11329214,UNIVERSITY OF ILLINOIS-URBANA CHAMPAIGN,public,not collected,"run.zq,sff,sra","gs,ncbi,s3","gs.us-east1,ncbi.public,s3.us-east-1",SRX761578,454 GS FLX Titanium,not collected,16S Amplification,SINGLE,PCR,GENOMIC,Sus scrofa,LS454,2015-11-10T00:00:00Z,2014-11-18T17:05:00Z,1,61AC,male,SRP049961,not collected,Ascending Colon Contents,SOW_AC_2
SRR1655080,21,AMPLICON,563,5750964,PRJNA266806,SAMN03174455,Model organism or animal,not collected,13237170,UNIVERSITY OF ILLINOIS-URBANA CHAMPAIGN,public,not collected,"run.zq,sff,sra","gs,ncbi,s3","gs.us-east1,ncbi.public,s3.us-east-1",SRX761579,454 GS FLX Titanium,not collected,16S Amplification,SINGLE,PCR,GENOMIC,Sus scrofa,LS454,2015-11-10T00:00:00Z,2014-11-18T17:05:00Z,1,62AC,male,SRP049961,not collected,Ascending Colon Contents,SOW_AC_3
SRR1655081,21,AMPLICON,541,859551,PRJNA266806,SAMN03174456,Model organism or animal,not collected,2032196,UNIVERSITY OF ILLINOIS-URBANA CHAMPAIGN,public,not collected,"run.zq,sff,sra","gs,ncbi,s3","gs.us-east1,ncbi.public,s3.us-east-1",SRX761580,454 GS FLX Titanium,not collected,16S Amplification,SINGLE,PCR,GENOMIC,Sus scrofa,LS454,2015-11-10T00:00:00Z,2014-11-19T09:45:00Z,1,63AC,male,SRP049961,not collected,Ascending Colon Contents,SOW_AC_4
SRR1655082,21,AMPLICON,564,4310586,PRJNA266806,SAMN03174456,Model organism or animal,not collected,9904930,UNIVERSITY OF ILLINOIS-URBANA CHAMPAIGN,public,not collected,"run.zq,sff,sra","gs,ncbi,s3","gs.us-east1,ncbi.public,s3.us-east-1",SRX761581,454 GS FLX Titanium,not collected,16S Amplification,SINGLE,PCR,GENOMIC,Sus scrofa,LS454,2015-11-10T00:00:00Z,2014-11-18T17:05:00Z,1,63AC,male,SRP049961,not collected,Ascending Colon Contents,SOW_AC_4
SRR1655083,21,AMPLICON,565,3523135,PRJNA266806,SAMN03174458,Model organism or animal,not collected,8108056,UNIVERSITY OF ILLINOIS-URBANA CHAMPAIGN,public,not collected,"run.zq,sff,sra","gs,ncbi,s3","gs.us-east1,ncbi.public,s3.us-east-1",SRX761582,454 GS FLX Titanium,not collected,16S Amplification,SINGLE,PCR,GENOMIC,Sus scrofa,LS454,2015-11-10T00:00:00Z,2014-11-18T17:05:00Z,1,65AC,male,SRP049961,not collected,Ascending Colon Contents,SOW_AC_6
SRR1655085,21,AMPLICON,561,4496163,PRJNA266806,SAMN03174459,Model organism or animal,not collected,10360741,UNIVERSITY OF ILLINOIS-URBANA CHAMPAIGN,public,not collected,"run.zq,sff,sra","gs,ncbi,s3","gs.us-east1,ncbi.public,s3.us-east-1",SRX761583,454 GS FLX Titanium,not collected,16S Amplification,SINGLE,PCR,GENOMIC,Sus scrofa,LS454,2015-11-10T00:00:00Z,2014-11-18T17:05:00Z,1,66AC,male,SRP049961,not collected,Ascending Colon Contents,SOW_AC_7
SRR1655086,21,AMPLICON,558,2223558,PRJNA266806,SAMN03174460,Model organism or animal,not collected,5154862,UNIVERSITY OF ILLINOIS-URBANA CHAMPAIGN,public,not collected,"run.zq,sff,sra","gs,ncbi,s3","gs.us-east1,ncbi.public,s3.us-east-1",SRX761584,454 GS FLX Titanium,not collected,16S Amplification,SINGLE,PCR,GENOMIC,Sus scrofa,LS454,2015-11-10T00:00:00Z,2014-11-18T17:05:00Z,1,67AC,male,SRP049961,not collected,Ascending Colon Contents,SOW_AC_8
SRR1655087,21,AMPLICON,565,2883429,PRJNA266806,SAMN03174461,Model organism or animal,not collected,6645479,UNIVERSITY OF ILLINOIS-URBANA CHAMPAIGN,public,not collected,"run.zq,sff,sra","gs,ncbi,s3","gs.us-east1,ncbi.public,s3.us-east-1",SRX761585,454 GS FLX Titanium,not collected,16S Amplification,SINGLE,PCR,GENOMIC,Sus scrofa,LS454,2015-11-10T00:00:00Z,2014-11-18T17:05:00Z,1,68AC,male,SRP049961,not collected,Ascending Colon Contents,SOW_AC_9
SRR1655088,21,AMPLICON,567,3002298,PRJNA266806,SAMN03174462,Model organism or animal,not collected,6914098,UNIVERSITY OF ILLINOIS-URBANA CHAMPAIGN,public,not collected,"run.zq,sff,sra","gs,ncbi,s3","gs.us-east1,ncbi.public,s3.us-east-1",SRX761586,454 GS FLX Titanium,not collected,16S Amplification,SINGLE,PCR,GENOMIC,Sus scrofa,LS454,2015-11-10T00:00:00Z,2014-11-18T17:05:00Z,1,69AC,female,SRP049961,not collected,Ascending Colon Contents,SOW_AC_10
SRR1655136,21,AMPLICON,560,3514568,PRJNA266806,SAMN03174463,Model organism or animal,not collected,8123411,UNIVERSITY OF ILLINOIS-URBANA CHAMPAIGN,public,not collected,"run.zq,sff,sra","gs,ncbi,s3","gs.us-east1,ncbi.public,s3.us-east-1",SRX761613,454 GS FLX Titanium,not collected,16S Amplification,SINGLE,PCR,GENOMIC,Sus scrofa,LS454,2015-11-10T00:00:00Z,2014-11-18T17:05:00Z,1,70AC,male,SRP049961,not collected,Ascending Colon Contents,SOW_AC_11
SRR1655137,21,AMPLICON,569,3140530,PRJNA266806,SAMN03174464,Model organism or animal,not collected,7236905,UNIVERSITY OF ILLINOIS-URBANA CHAMPAIGN,public,not collected,"run.zq,sff,sra","gs,ncbi,s3","gs.us-east1,ncbi.public,s3.us-east-1",SRX761614,454 GS FLX Titanium,not collected,16S Amplification,SINGLE,PCR,GENOMIC,Sus scrofa,LS454,2015-11-10T00:00:00Z,2014-11-18T17:05:00Z,1,71AC,female,SRP049961,not collected,Ascending Colon Contents,SOW_AC_12
SRR1655138,21,AMPLICON,540,6177074,PRJNA266806,SAMN03174465,Model organism or animal,not collected,14362249,UNIVERSITY OF ILLINOIS-URBANA CHAMPAIGN,public,not collected,"run.zq,sff,sra","gs,ncbi,s3","gs.us-east1,ncbi.public,s3.us-east-1",SRX761615,454 GS FLX Titanium,not collected,16S Amplification,SINGLE,PCR,GENOMIC,Sus scrofa,LS454,2015-11-10T00:00:00Z,2014-11-18T16:04:00Z,1,40IL,female,SRP049961,not collected,Ileal Contents,FORM_IL_1
SRR1655139,21,AMPLICON,546,5693527,PRJNA266806,SAMN03174466,Model organism or animal,not collected,13110284,UNIVERSITY OF ILLINOIS-URBANA CHAMPAIGN,public,not collected,"run.zq,sff,sra","gs,ncbi,s3","gs.us-east1,ncbi.public,s3.us-east-1",SRX761616,454 GS FLX Titanium,not collected,16S Amplification,SINGLE,PCR,GENOMIC,Sus scrofa,LS454,2015-11-10T00:00:00Z,2014-11-18T16:04:00Z,1,41IL,male,SRP049961,not collected,Ileal Contents,FORM_IL_2
SRR1655140,21,AMPLICON,557,8610948,PRJNA266806,SAMN03174467,Model organism or animal,not collected,19444261,UNIVERSITY OF ILLINOIS-URBANA CHAMPAIGN,public,not collected,"run.zq,sff,sra","gs,ncbi,s3","gs.us-east1,ncbi.public,s3.us-east-1",SRX761617,454 GS FLX Titanium,not collected,16S Amplification,SINGLE,PCR,GENOMIC,Sus scrofa,LS454,2015-11-10T00:00:00Z,2014-11-18T16:05:00Z,1,43IL,male,SRP049961,not collected,Ileal Contents,FORM_IL_3
SRR1655141,21,AMPLICON,551,4943946,PRJNA266806,SAMN03174468,Model organism or animal,not collected,11372490,UNIVERSITY OF ILLINOIS-URBANA CHAMPAIGN,public,not collected,"run.zq,sff,sra","gs,ncbi,s3","gs.us-east1,ncbi.public,s3.us-east-1",SRX761618,454 GS FLX Titanium,not collected,16S Amplification,SINGLE,PCR,GENOMIC,Sus scrofa,LS454,2015-11-10T00:00:00Z,2014-11-18T16:16:00Z,1,46IL,male,SRP049961,not collected,Ileal Contents,FORM_IL_4
SRR1655142,21,AMPLICON,561,5510798,PRJNA266806,SAMN03174469,Model organism or animal,not collected,12497178,UNIVERSITY OF ILLINOIS-URBANA CHAMPAIGN,public,not collected,"run.zq,sff,sra","gs,ncbi,s3","gs.us-east1,ncbi.public,s3.us-east-1",SRX761619,454 GS FLX Titanium,not collected,16S Amplification,SINGLE,PCR,GENOMIC,Sus scrofa,LS454,2015-11-10T00:00:00Z,2014-11-18T16:16:00Z,1,48IL,female,SRP049961,not collected,Ileal Contents,FORM_IL_5
SRR1655143,21,AMPLICON,542,5918176,PRJNA266806,SAMN03174470,Model organism or animal,not collected,13695206,UNIVERSITY OF ILLINOIS-URBANA CHAMPAIGN,public,not collected,"run.zq,sff,sra","gs,ncbi,s3","gs.us-east1,ncbi.public,s3.us-east-1",SRX761620,454 GS FLX Titanium,not collected,16S Amplification,SINGLE,PCR,GENOMIC,Sus scrofa,LS454,2015-11-10T00:00:00Z,2014-11-18T16:16:00Z,1,50IL,female,SRP049961,not collected,Ileal Contents,FGP_IL_1
SRR1655144,21,AMPLICON,539,4968839,PRJNA266806,SAMN03174471,Model organism or animal,not collected,11564923,UNIVERSITY OF ILLINOIS-URBANA CHAMPAIGN,public,not collected,"run.zq,sff,sra","gs,ncbi,s3","gs.us-east1,ncbi.public,s3.us-east-1",SRX761621,454 GS FLX Titanium,not collected,16S Amplification,SINGLE,PCR,GENOMIC,Sus scrofa,LS454,2015-11-10T00:00:00Z,2014-11-18T16:16:00Z,1,52IL,male,SRP049961,not collected,Ileal Contents,FGP_IL_2
SRR1655145,21,AMPLICON,543,7124174,PRJNA266806,SAMN03174472,Model organism or animal,not collected,16475854,UNIVERSITY OF ILLINOIS-URBANA CHAMPAIGN,public,not collected,"run.zq,sff,sra","gs,ncbi,s3","gs.us-east1,ncbi.public,s3.us-east-1",SRX761622,454 GS FLX Titanium,not collected,16S Amplification,SINGLE,PCR,GENOMIC,Sus scrofa,LS454,2015-11-10T00:00:00Z,2014-11-18T16:16:00Z,1,53IL,male,SRP049961,not collected,Ileal Contents,FGP_IL_3
SRR1655146,21,AMPLICON,547,5200786,PRJNA266806,SAMN03174473,Model organism or animal,not collected,11986775,UNIVERSITY OF ILLINOIS-URBANA CHAMPAIGN,public,not collected,"run.zq,sff,sra","gs,ncbi,s3","gs.us-east1,ncbi.public,s3.us-east-1",SRX761624,454 GS FLX Titanium,not collected,16S Amplification,SINGLE,PCR,GENOMIC,Sus scrofa,LS454,2015-11-10T00:00:00Z,2014-11-18T16:16:00Z,1,54IL,female,SRP049961,not collected,Ileal Contents,FGP_IL_4
SRR1655147,21,AMPLICON,540,5761213,PRJNA266806,SAMN03174474,Model organism or animal,not collected,13396767,UNIVERSITY OF ILLINOIS-URBANA CHAMPAIGN,public,not collected,"run.zq,sff,sra","gs,ncbi,s3","gs.us-east1,ncbi.public,s3.us-east-1",SRX761625,454 GS FLX Titanium,not collected,16S Amplification,SINGLE,PCR,GENOMIC,Sus scrofa,LS454,2015-11-10T00:00:00Z,2014-11-18T16:16:00Z,1,55IL,male,SRP049961,not collected,Ileal Contents,FGP_IL_5
SRR1655160,21,AMPLICON,546,4071276,PRJNA266806,SAMN03174475,Model organism or animal,not collected,9348678,UNIVERSITY OF ILLINOIS-URBANA CHAMPAIGN,public,not collected,"run.zq,sff,sra","gs,ncbi,s3","gs.us-east1,ncbi.public,s3.us-east-1",SRX761628,454 GS FLX Titanium,not collected,16S Amplification,SINGLE,PCR,GENOMIC,Sus scrofa,LS454,2015-11-10T00:00:00Z,2014-11-18T16:17:00Z,1,56IL,male,SRP049961,not collected,Ileal Contents,FGP_IL_6
SRR1655161,21,AMPLICON,567,4002894,PRJNA266806,SAMN03174476,Model organism or animal,not collected,9092460,UNIVERSITY OF ILLINOIS-URBANA CHAMPAIGN,public,not collected,"run.zq,sff,sra","gs,ncbi,s3","gs.us-east1,ncbi.public,s3.us-east-1",SRX761629,454 GS FLX Titanium,not collected,16S Amplification,SINGLE,PCR,GENOMIC,Sus scrofa,LS454,2015-11-10T00:00:00Z,2014-11-18T16:17:00Z,1,57IL,male,SRP049961,not collected,Ileal Contents,FGP_IL_7
SRR1655162,21,AMPLICON,536,3857193,PRJNA266806,SAMN03174477,Model organism or animal,not collected,9045114,UNIVERSITY OF ILLINOIS-URBANA CHAMPAIGN,public,not collected,"run.zq,sff,sra","gs,ncbi,s3","gs.us-east1,ncbi.public,s3.us-east-1",SRX761630,454 GS FLX Titanium,not collected,16S Amplification,SINGLE,PCR,GENOMIC,Sus scrofa,LS454,2015-11-10T00:00:00Z,2014-11-18T16:17:00Z,1,58IL,male,SRP049961,not collected,Ileal Contents,FGP_IL_8
SRR1655168,21,AMPLICON,561,3044913,PRJNA266806,SAMN03174478,Model organism or animal,not collected,7017321,UNIVERSITY OF ILLINOIS-URBANA CHAMPAIGN,public,not collected,"run.zq,sff,sra","gs,ncbi,s3","gs.us-east1,ncbi.public,s3.us-east-1",SRX761631,454 GS FLX Titanium,not collected,16S Amplification,SINGLE,PCR,GENOMIC,Sus scrofa,LS454,2015-11-10T00:00:00Z,2014-11-18T17:05:00Z,1,60IL,female,SRP049961,not collected,Ileal Contents,SOW_IL_1
SRR1655175,21,AMPLICON,559,3656976,PRJNA266806,SAMN03174452,Model organism or animal,not collected,8484154,UNIVERSITY OF ILLINOIS-URBANA CHAMPAIGN,public,not collected,"run.zq,sff,sra","gs,ncbi,s3","gs.us-east1,ncbi.public,s3.us-east-1",SRX761574,454 GS FLX Titanium,not collected,16S Amplification,SINGLE,PCR,GENOMIC,Sus scrofa,LS454,2015-11-10T00:00:00Z,2014-11-18T16:17:00Z,1,58AC,male,SRP049961,not collected,Ascending Colon Contents,FGP_AC_9
SRR1655176,21,AMPLICON,560,3844761,PRJNA266806,SAMN03174479,Model organism or animal,not collected,8796732,UNIVERSITY OF ILLINOIS-URBANA CHAMPAIGN,public,not collected,"run.zq,sff,sra","gs,ncbi,s3","gs.us-east1,ncbi.public,s3.us-east-1",SRX761644,454 GS FLX Titanium,not collected,16S Amplification,SINGLE,PCR,GENOMIC,Sus scrofa,LS454,2015-11-10T00:00:00Z,2014-11-18T17:05:00Z,1,61IL,male,SRP049961,not collected,Ileal Contents,SOW_IL_2
SRR1655177,21,AMPLICON,575,3177528,PRJNA266806,SAMN03174480,Model organism or animal,not collected,7368528,UNIVERSITY OF ILLINOIS-URBANA CHAMPAIGN,public,not collected,"run.zq,sff,sra","gs,ncbi,s3","gs.us-east1,ncbi.public,s3.us-east-1",SRX761646,454 GS FLX Titanium,not collected,16S Amplification,SINGLE,PCR,GENOMIC,Sus scrofa,LS454,2015-11-10T00:00:00Z,2014-11-18T17:05:00Z,1,62IL,male,SRP049961,not collected,Ileal Contents,SOW_IL_3
SRR1655179,21,AMPLICON,563,3346875,PRJNA266806,SAMN03174481,Model organism or animal,not collected,7733211,UNIVERSITY OF ILLINOIS-URBANA CHAMPAIGN,public,not collected,"run.zq,sff,sra","gs,ncbi,s3","gs.us-east1,ncbi.public,s3.us-east-1",SRX761647,454 GS FLX Titanium,not collected,16S Amplification,SINGLE,PCR,GENOMIC,Sus scrofa,LS454,2015-11-10T00:00:00Z,2014-11-18T17:05:00Z,1,63IL,male,SRP049961,not collected,Ileal Contents,SOW_IL_4
SRR1655180,21,AMPLICON,561,5560244,PRJNA266806,SAMN03174482,Model organism or animal,not collected,12635450,UNIVERSITY OF ILLINOIS-URBANA CHAMPAIGN,public,not collected,"run.zq,sff,sra","gs,ncbi,s3","gs.us-east1,ncbi.public,s3.us-east-1",SRX761648,454 GS FLX Titanium,not collected,16S Amplification,SINGLE,PCR,GENOMIC,Sus scrofa,LS454,2015-11-10T00:00:00Z,2014-11-18T17:05:00Z,1,64IL,male,SRP049961,not collected,Ileal Contents,SOW_IL_5
SRR1655181,21,AMPLICON,561,3574689,PRJNA266806,SAMN03174483,Model organism or animal,not collected,8189090,UNIVERSITY OF ILLINOIS-URBANA CHAMPAIGN,public,not collected,"run.zq,sff,sra","gs,ncbi,s3","gs.us-east1,ncbi.public,s3.us-east-1",SRX761649,454 GS FLX Titanium,not collected,16S Amplification,SINGLE,PCR,GENOMIC,Sus scrofa,LS454,2015-11-10T00:00:00Z,2014-11-18T17:05:00Z,1,65IL,male,SRP049961,not collected,Ileal Contents,SOW_IL_6
SRR1655182,21,AMPLICON,559,2904613,PRJNA266806,SAMN03174484,Model organism or animal,not collected,6730854,UNIVERSITY OF ILLINOIS-URBANA CHAMPAIGN,public,not collected,"run.zq,sff,sra","gs,ncbi,s3","gs.us-east1,ncbi.public,s3.us-east-1",SRX761651,454 GS FLX Titanium,not collected,16S Amplification,SINGLE,PCR,GENOMIC,Sus scrofa,LS454,2015-11-10T00:00:00Z,2014-11-18T17:05:00Z,1,67IL,male,SRP049961,not collected,Ileal Contents,SOW_IL_7
SRR1655183,21,AMPLICON,554,2870983,PRJNA266806,SAMN03174485,Model organism or animal,not collected,6684735,UNIVERSITY OF ILLINOIS-URBANA CHAMPAIGN,public,not collected,"run.zq,sff,sra","gs,ncbi,s3","gs.us-east1,ncbi.public,s3.us-east-1",SRX761652,454 GS FLX Titanium,not collected,16S Amplification,SINGLE,PCR,GENOMIC,Sus scrofa,LS454,2015-11-10T00:00:00Z,2014-11-18T17:05:00Z,1,68IL,male,SRP049961,not collected,Ileal Contents,SOW_IL_8
SRR1655184,21,AMPLICON,565,3964261,PRJNA266806,SAMN03174486,Model organism or animal,not collected,9049127,UNIVERSITY OF ILLINOIS-URBANA CHAMPAIGN,public,not collected,"run.zq,sff,sra","gs,ncbi,s3","gs.us-east1,ncbi.public,s3.us-east-1",SRX761653,454 GS FLX Titanium,not collected,16S Amplification,SINGLE,PCR,GENOMIC,Sus scrofa,LS454,2015-11-10T00:00:00Z,2014-11-18T17:05:00Z,1,69IL,female,SRP049961,not collected,Ileal Contents,SOW_IL_9
SRR1655185,21,AMPLICON,559,2039045,PRJNA266806,SAMN03174487,Model organism or animal,not collected,4739930,UNIVERSITY OF ILLINOIS-URBANA CHAMPAIGN,public,not collected,"run.zq,sff,sra","gs,ncbi,s3","gs.us-east1,ncbi.public,s3.us-east-1",SRX761654,454 GS FLX Titanium,not collected,16S Amplification,SINGLE,PCR,GENOMIC,Sus scrofa,LS454,2015-11-10T00:00:00Z,2014-11-18T17:05:00Z,1,70IL,male,SRP049961,not collected,Ileal Contents,SOW_IL_10
SRR1655186,21,AMPLICON,557,6098913,PRJNA266806,SAMN03174488,Model organism or animal,not collected,13886719,UNIVERSITY OF ILLINOIS-URBANA CHAMPAIGN,public,not collected,"run.zq,sff,sra","gs,ncbi,s3","gs.us-east1,ncbi.public,s3.us-east-1",SRX761655,454 GS FLX Titanium,not collected,16S Amplification,SINGLE,PCR,GENOMIC,Sus scrofa,LS454,2015-11-10T00:00:00Z,2014-11-19T11:27:00Z,1,71IL,female,SRP049961,not collected,Ileal Contents,SOW_IL_11
